fpr	tpr	threshold
0.0	0.0	inf
0.00036101083032490973	0.0	0.9921208769415639
0.003971119133574007	0.0	0.9921187190492665
0.005415162454873646	0.0	0.9921180718828561
0.005415162454873646	0.0017482517482517483	0.9921097279006919
0.007220216606498195	0.0017482517482517483	0.9876706456679613
0.008664259927797834	0.0017482517482517483	0.9876700937239568
0.009747292418772563	0.0017482517482517483	0.98755901502198
0.009747292418772563	0.06818181818181818	0.9767443018764975
0.010469314079422382	0.06818181818181818	0.976446905457155
0.010469314079422382	0.08041958041958042	0.9724488631734899
0.010830324909747292	0.08041958041958042	0.972417155051231
0.011552346570397111	0.08041958041958042	0.9724170961045496
0.01227436823104693	0.08041958041958042	0.972405508339505
0.01227436823104693	0.08216783216783216	0.971738295403732
0.013357400722021661	0.08216783216783216	0.9715196052889287
0.013357400722021661	0.08566433566433566	0.9708714672740711
0.01444043321299639	0.08566433566433566	0.9708642784068119
0.01444043321299639	0.11538461538461539	0.9659688599164696
0.01516245487364621	0.11538461538461539	0.9658560368578106
0.01516245487364621	0.12412587412587413	0.9635596173762252
0.01552346570397112	0.12412587412587413	0.9631643228237937
0.01660649819494585	0.12412587412587413	0.9631571623091836
0.01660649819494585	0.1888111888111888	0.9524643817384072
0.0184115523465704	0.1888111888111888	0.9522693541558904
0.0184115523465704	0.26048951048951047	0.9482604259540326
0.018772563176895306	0.26048951048951047	0.9481308138558039
0.018772563176895306	0.2744755244755245	0.9463517887169939
0.019133574007220218	0.2744755244755245	0.9457056563232779
0.019133574007220218	0.30244755244755245	0.9341953730380261
0.019494584837545126	0.30244755244755245	0.9340662849884765
0.019494584837545126	0.32517482517482516	0.9243414432578292
0.020216606498194945	0.32517482517482516	0.9238623342074925
0.020216606498194945	0.32867132867132864	0.9224469799590712
0.020577617328519857	0.32867132867132864	0.9219488155318724
0.020577617328519857	0.3304195804195804	0.9210588150786237
0.021299638989169676	0.3304195804195804	0.92069607765673
0.021299638989169676	0.35664335664335667	0.9132891719518157
0.022021660649819495	0.35664335664335667	0.9129853292147162
0.022021660649819495	0.3618881118881119	0.9119719204303378
0.022743682310469315	0.3618881118881119	0.9112664440223037
0.022743682310469315	0.36538461538461536	0.910504934419898
0.023104693140794223	0.36538461538461536	0.9100388175285238
0.023104693140794223	0.36713286713286714	0.9092902250179379
0.023826714801444042	0.36713286713286714	0.9090142099755123
0.023826714801444042	0.3758741258741259	0.9082590417000344
0.02454873646209386	0.3758741258741259	0.9082231680621706
0.024909747292418773	0.3758741258741259	0.9079442597497855
0.024909747292418773	0.3793706293706294	0.9063220297408093
0.025631768953068592	0.3793706293706294	0.9062837258867446
0.025631768953068592	0.38461538461538464	0.9058991612909196
0.02635379061371841	0.38461538461538464	0.9054020540410427
0.02635379061371841	0.38636363636363635	0.9046450931407344
0.027436823104693142	0.38636363636363635	0.9044316476920701
0.02815884476534296	0.38636363636363635	0.904093065373825
0.02815884476534296	0.38986013986013984	0.903077267946636
0.02888086642599278	0.38986013986013984	0.9026186594404128
0.02888086642599278	0.4020979020979021	0.9016321233254471
0.0296028880866426	0.4020979020979021	0.9015262628637081
0.0296028880866426	0.41083916083916083	0.9008755720978698
0.030685920577617327	0.41083916083916083	0.9008422393117889
0.030685920577617327	0.4125874125874126	0.9006220622541945
0.03176895306859206	0.4125874125874126	0.900118020767411
0.03176895306859206	0.42482517482517484	0.89895662027334
0.03285198555956679	0.42482517482517484	0.8988961624446804
0.03285198555956679	0.493006993006993	0.8895327051875852
0.03393501805054152	0.493006993006993	0.8893091317470614
0.03393501805054152	0.5664335664335665	0.8694124724129927
0.03537906137184116	0.5664335664335665	0.8679223561745147
0.03537906137184116	0.6643356643356644	0.8574191598483015
0.035740072202166066	0.6643356643356644	0.8572276561079045
0.03646209386281588	0.6643356643356644	0.8572237502914355
0.03646209386281588	0.6888111888111889	0.8482045826960285
0.03754512635379061	0.6888111888111889	0.8472719292112405
0.03754512635379061	0.6905594405594405	0.8471420438905264
0.03790613718411552	0.6905594405594405	0.8471112437274069
0.03790613718411552	0.7115384615384616	0.8333817858120125
0.03898916967509025	0.7115384615384616	0.8331379620811995
0.03898916967509025	0.715034965034965	0.8287632775538413
0.039711191335740074	0.715034965034965	0.8258282962258128
0.039711191335740074	0.7255244755244755	0.7743127653199546
0.04007220216606498	0.7255244755244755	0.7727759302196681
0.04007220216606498	0.7325174825174825	0.7640338417319973
0.04043321299638989	0.7325174825174825	0.7635171519446241
0.04115523465703971	0.7325174825174825	0.762607766013604
0.04115523465703971	0.7412587412587412	0.7530867896987682
0.04187725631768953	0.7412587412587412	0.7523304319997282
0.04187725631768953	0.7884615384615384	0.7283590145355247
0.04259927797833935	0.7884615384615384	0.7277669195554135
0.04259927797833935	0.8024475524475524	0.7261455451750853
0.04404332129963899	0.8024475524475524	0.7259765338844328
0.0444043321299639	0.8024475524475524	0.7257482118025109
0.0444043321299639	0.8129370629370629	0.7242393673715122
0.04584837545126354	0.8129370629370629	0.7234128732162902
0.04584837545126354	0.8146853146853147	0.7229573851657755
0.047292418772563176	0.8146853146853147	0.7227822938358719
0.047292418772563176	0.8164335664335665	0.7227731931394449
0.048014440433213	0.8164335664335665	0.7220928253190582
0.048014440433213	0.8234265734265734	0.7205283950153581
0.048736462093862815	0.8234265734265734	0.7203809326833956
0.048736462093862815	0.8286713286713286	0.719279377965008
0.04945848375451264	0.8286713286713286	0.7190083384663707
0.04945848375451264	0.8356643356643356	0.7177376327283521
0.05018050541516245	0.8356643356643356	0.7177040248741569
0.05018050541516245	0.8374125874125874	0.7176518353749467
0.05162454873646209	0.8374125874125874	0.7174548001582575
0.05162454873646209	0.8391608391608392	0.7172388518840588
0.05306859205776173	0.8391608391608392	0.7169659497391526
0.05306859205776173	0.8409090909090909	0.716927239309056
0.05595667870036101	0.8409090909090909	0.716343863147145
0.05595667870036101	0.8426573426573427	0.716248586223522
0.05812274368231047	0.8426573426573427	0.7157849674152411
0.05812274368231047	0.8444055944055944	0.7157651544429731
0.058844765342960285	0.8444055944055944	0.7157408043044807
0.058844765342960285	0.8461538461538461	0.715157838505222
0.06534296028880866	0.8461538461538461	0.7129069258535035
0.06534296028880866	0.8479020979020979	0.7128987622896824
0.06606498194945848	0.8479020979020979	0.7128838004364455
0.06678700361010831	0.8479020979020979	0.7116708829553916
0.06678700361010831	0.8496503496503497	0.7115834596970408
0.06750902527075812	0.8496503496503497	0.7115216707382784
0.06859205776173286	0.8496503496503497	0.7113613726965026
0.06931407942238267	0.8496503496503497	0.7113594267970527
0.0703971119133574	0.8496503496503497	0.711156058360893
0.07472924187725631	0.8496503496503497	0.7111102745216898
0.07472924187725631	0.8513986013986014	0.7110780824377249
0.07689530685920577	0.8513986013986014	0.7103820088169694
0.07689530685920577	0.8583916083916084	0.6979674982362216
0.0776173285198556	0.8583916083916084	0.6975609868831846
0.0776173285198556	0.9055944055944056	0.6365677389002045
0.07906137184115523	0.9055944055944056	0.6342123930728498
0.07942238267148015	0.9055944055944056	0.6318254501864875
0.08014440433212996	0.9055944055944056	0.6318244901537371
0.08050541516245488	0.9055944055944056	0.6318216197629092
0.08050541516245488	0.9090909090909091	0.6268254884133174
0.08375451263537906	0.9090909090909091	0.6254043348656908
0.08411552346570397	0.9090909090909091	0.6244179968186514
0.08411552346570397	0.9108391608391608	0.6233468790506175
0.08447653429602887	0.9108391608391608	0.6230573161319918
0.0855595667870036	0.9108391608391608	0.622772434690768
0.08592057761732852	0.9108391608391608	0.6212437604566339
0.08700361010830325	0.9108391608391608	0.6212393961463218
0.08772563176895307	0.9108391608391608	0.6209655027680084
0.0888086642599278	0.9108391608391608	0.6209588527929315
0.08916967509025271	0.9108391608391608	0.6202320509562695
0.09025270758122744	0.9108391608391608	0.6201922630046589
0.09061371841155234	0.9108391608391608	0.6197619360699493
0.09133574007220216	0.9108391608391608	0.6197297917487129
0.09241877256317689	0.9108391608391608	0.6165774644184326
0.09458483754512635	0.9108391608391608	0.6138571585827816
0.09494584837545127	0.9108391608391608	0.6133043101807384
0.09566787003610108	0.9108391608391608	0.6132978762323101
0.096028880866426	0.9108391608391608	0.6132950984084959
0.10144404332129964	0.9108391608391608	0.6096887960570113
0.10216606498194945	0.9108391608391608	0.6095828380539875
0.10288808664259928	0.9108391608391608	0.602598022001143
0.10397111913357401	0.9108391608391608	0.6025662969783517
0.10469314079422383	0.9108391608391608	0.6021310625117846
0.10505415162454873	0.9108391608391608	0.5979291234302367
0.10613718411552346	0.9108391608391608	0.5979268443533126
0.11335740072202166	0.9318181818181818	0.4316863135889056
0.11552346570397112	0.9318181818181818	0.3887587828577209
0.11588447653429602	0.9318181818181818	0.336862430481402
0.11660649819494585	0.9318181818181818	0.3366693437327674
0.11696750902527075	0.9318181818181818	0.3365253303938115
0.11768953068592057	0.9318181818181818	0.3364548668448938
0.1187725631768953	0.9318181818181818	0.33618839662518174
0.11949458483754513	0.9318181818181818	0.3361271538293192
0.12021660649819495	0.9318181818181818	0.3358516294359965
0.12093862815884476	0.9318181818181818	0.3356068126206701
0.1220216606498195	0.9318181818181818	0.3355762167284919
0.1256317689530686	0.9318181818181818	0.3351174441255822
0.1263537906137184	0.9318181818181818	0.3348423299403863
0.12743682310469315	0.9318181818181818	0.33481176862124695
0.12815884476534295	0.9318181818181818	0.33475065013948735
0.1292418772563177	0.9318181818181818	0.3337124853370454
0.1299638989169675	0.9318181818181818	0.3333159649320184
0.1303249097472924	0.9318181818181818	0.3331330349964989
0.13104693140794224	0.9318181818181818	0.33270639399417046
0.13140794223826716	0.9318181818181818	0.3321278197937471
0.13429602888086642	0.9318181818181818	0.33148893206488544
0.13465703971119133	0.9318181818181818	0.32821305772686693
0.13465703971119133	0.9335664335664335	0.3230303647434906
0.13501805054151625	0.9335664335664335	0.3200667945459406
0.13574007220216608	0.9335664335664335	0.31818840058864645
0.13574007220216608	0.9353146853146853	0.30897357535480935
0.13646209386281588	0.9353146853146853	0.3060515144282734
0.13646209386281588	0.9370629370629371	0.30576015900160153
0.1371841155234657	0.9370629370629371	0.28361367458285014
0.1379061371841155	0.9370629370629371	0.28348893862020563
0.13862815884476534	0.9370629370629371	0.2834834650159043
0.13935018050541517	0.9370629370629371	0.2834823985527612
0.14007220216606497	0.9370629370629371	0.28348005412740795
0.1407942238267148	0.9370629370629371	0.2834759602586988
0.14368231046931407	0.9370629370629371	0.2834475546612583
0.1444043321299639	0.9370629370629371	0.2834110523882714
0.14548736462093864	0.9370629370629371	0.2833682690388244
0.14548736462093864	0.9388111888111889	0.2833654089586916
0.1472924187725632	0.9388111888111889	0.2832625877322558
0.148014440433213	0.9388111888111889	0.28325850255493884
0.14873646209386282	0.9388111888111889	0.2832287932463901
0.14945848375451262	0.9388111888111889	0.2831777238551525
0.15090252707581228	0.9388111888111889	0.2831333866866525
0.1523465703971119	0.9388111888111889	0.28312115648278446
0.15306859205776174	0.9388111888111889	0.2831203407792945
0.1555956678700361	0.9388111888111889	0.28311962772977667
0.15703971119133575	0.9388111888111889	0.28248333658744523
0.15776173285198555	0.9388111888111889	0.2812755645093482
0.16028880866425993	0.9388111888111889	0.24928560482885367
0.16173285198555956	0.9388111888111889	0.24922228386985157
0.16209386281588448	0.9388111888111889	0.21086635890515318
0.1631768953068592	0.9388111888111889	0.2077554592540575
0.1635379061371841	0.9388111888111889	0.20729475015765023
0.1635379061371841	0.9405594405594405	0.20705830119700996
0.16425992779783394	0.9405594405594405	0.20698555884742884
0.16534296028880865	0.9405594405594405	0.20678595964961236
0.16678700361010831	0.9405594405594405	0.20563187916191983
0.16787003610108303	0.9405594405594405	0.20541636789165404
0.16859205776173286	0.9405594405594405	0.2052754654075315
0.16931407942238266	0.9405594405594405	0.2049337389770026
0.1700361010830325	0.9405594405594405	0.20482232757989796
0.17075812274368232	0.9405594405594405	0.20290275862495116
0.1711191335740072	0.9405594405594405	0.20234585832166133
0.1711191335740072	0.9423076923076923	0.2019495620845796
0.17364620938628159	0.9423076923076923	0.1943381677386505
0.17472924187725633	0.9423076923076923	0.1930969472344474
0.17545126353790613	0.9423076923076923	0.1918439556793343
0.17653429602888088	0.9423076923076923	0.1915569746569277
0.17725631768953068	0.9423076923076923	0.18904385239705432
0.17942238267148014	0.9423076923076923	0.1889768293340965
0.18014440433212997	0.9423076923076923	0.188623507438791
0.18086642599277977	0.9423076923076923	0.18503105690805666
0.1815884476534296	0.9423076923076923	0.1808540183302409
0.18483754512635378	0.9423076923076923	0.1784232907161941
0.18592057761732853	0.9423076923076923	0.17841630574508255
0.18628158844765344	0.9423076923076923	0.17608298570947187
0.18628158844765344	0.9807692307692307	0.17378306088491438
0.18736462093862816	0.9807692307692307	0.17099789837369356
0.1884476534296029	0.9807692307692307	0.1709437815081142
0.19386281588447654	0.9807692307692307	0.12382122260683752
0.19458483754512634	0.9807692307692307	0.12381080214073205
0.1956678700361011	0.9807692307692307	0.12378698676020987
0.1967509025270758	0.9807692307692307	0.12378549842954892
0.20144404332129964	0.9807692307692307	0.1237185394528204
0.20216606498194944	0.9807692307692307	0.12371705182892478
0.2072202166064982	0.9807692307692307	0.12364417707477449
0.20938628158844766	0.9807692307692307	0.12363525616968782
0.2108303249097473	0.9807692307692307	0.12361444287439799
0.21155234657039712	0.9807692307692307	0.12361146979219227
0.21227436823104692	0.9807692307692307	0.12360106448815612
0.21299638989169675	0.9807692307692307	0.12359660530246047
0.21371841155234658	0.9807692307692307	0.123593632588768
0.21444043321299638	0.9807692307692307	0.12358174234815182
0.2148014440433213	0.9807692307692307	0.1235772837612521
0.2176895306859206	0.9807692307692307	0.12355499289934978
0.22454873646209386	0.9807692307692307	0.1234896262961043
0.2252707581227437	0.9807692307692307	0.12348368535108169
0.2263537906137184	0.9807692307692307	0.12347328928813947
0.22707581227436824	0.9807692307692307	0.1234718041976758
0.22815884476534296	0.9807692307692307	0.12346734901836022
0.22888086642599278	0.9807692307692307	0.1234584390740605
0.2292418772563177	0.9807692307692307	0.12345398430907098
0.2299638989169675	0.9807692307692307	0.12345249941809759
0.23140794223826716	0.9807692307692307	0.12343913608983795
0.23212996389891696	0.9807692307692307	0.12343616663012054
0.2339350180505415	0.9807692307692307	0.12341686663792785
0.23537906137184114	0.9807692307692307	0.1234109287004422
0.2368231046931408	0.9807692307692307	0.12338569520459537
0.23790613718411552	0.9807692307692307	0.12338272684950036
0.23971119133574006	0.9807692307692307	0.1233619500818841
0.2404332129963899	0.9807692307692307	0.12336046614209811
0.24368231046931407	0.9807692307692307	0.12332188909123862
0.2444043321299639	0.9807692307692307	0.12331892205522042
0.2490974729241877	0.9807692307692307	0.12326107711294539
0.2505415162454874	0.9807692307692307	0.12325514561700929
0.2527075812274368	0.9807692307692307	0.12323142208626985
0.25342960288808664	0.9807692307692307	0.12322697436117624
0.255956678700361	0.9807692307692307	0.12319139752706276
0.2566787003610108	0.9807692307692307	0.1231839867979078
0.25776173285198556	0.9807692307692307	0.12317064845101904
0.2584837545126354	0.9807692307692307	0.12316916648910757
0.2620938628158845	0.9807692307692307	0.12310990057890249
0.2631768953068592	0.9807692307692307	0.12310545662398738
0.263898916967509	0.9807692307692307	0.12310397533632603
0.2642599277978339	0.9807692307692307	0.12309805033889602
0.2657039711191336	0.9807692307692307	0.1230906444368362
0.2696750902527076	0.9807692307692307	0.12305658222045936
0.2703971119133574	0.9807692307692307	0.1230536206715805
0.27148014440433216	0.9807692307692307	0.12304473639258025
0.27220216606498193	0.9807692307692307	0.12304325573302613
0.2740072202166065	0.9807692307692307	0.12302993048632058
0.27689530685920577	0.9807692307692307	0.12299144229803499
0.27870036101083034	0.9807692307692307	0.12297664190534206
0.27978339350180503	0.9807692307692307	0.1229618430439693
0.2812274368231047	0.9807692307692307	0.12294704571381843
0.28375451263537904	0.9807692307692307	0.12293224991479099
0.28592057761732853	0.9807692307692307	0.1229174556467887
0.28664259927797836	0.9807692307692307	0.12290266290971315
0.2870036101083033	0.9807692307692307	0.12288787170346598
0.28772563176895305	0.9807692307692307	0.12287308202794885
0.2895306859205776	0.9807692307692307	0.12285829388306332
0.29061371841155237	0.9807692307692307	0.12284350726871099
0.29133574007220214	0.9807692307692307	0.12282872218479346
0.29422382671480146	0.9807692307692307	0.12279915660786923
0.296028880866426	0.9807692307692307	0.12278437611466561
0.2963898916967509	0.9807692307692307	0.1227695971515031
0.29747292418772564	0.9807692307692307	0.12275481971828317
0.29819494584837547	0.9807692307692307	0.12274004381490748
0.3	0.9807692307692307	0.12272526944127753
0.30144404332129965	0.9807692307692307	0.12269572528286075
0.30180505415162456	0.9807692307692307	0.12268095549787705
0.30324909747292417	0.9807692307692307	0.12266618724224512
0.303971119133574	0.9807692307692307	0.12265142051586642
0.30505415162454874	0.9807692307692307	0.12263665531864246
0.30577617328519857	0.9807692307692307	0.12262189165047474
0.30685920577617326	0.9807692307692307	0.1226071295112647
0.3075812274368231	0.9807692307692307	0.1225923689009138
0.30866425992779783	0.9825174825174825	0.12257760981932345
0.3101083032490975	0.9825174825174825	0.12256285226639513
0.311913357400722	0.9825174825174825	0.12254809624203032
0.3133574007220217	0.9825174825174825	0.1225185887785967
0.3155234657039711	0.9825174825174825	0.12248908742823393
0.315884476534296	0.9825174825174825	0.1224743390452076
0.3173285198555957	0.9825174825174825	0.12244484686297197
0.3176895306859206	0.9825174825174825	0.12243010306356539
0.31841155234657037	0.9825174825174825	0.12240062004768155
0.3187725631768953	0.9825174825174825	0.12238588083100695
0.32021660649819494	0.9825174825174825	0.12237114314171232
0.32057761732851986	0.9825174825174825	0.1223564069796991
0.3212996389891697	0.9825174825174825	0.12234167234486851
0.3216606498194946	0.9825174825174825	0.12232693923712182
0.3227436823104693	0.9825174825174825	0.12231220765636039
0.32418772563176895	0.9825174825174825	0.12228274907539843
0.32454873646209387	0.9825174825174825	0.1222532966011929
0.3252707581227437	0.9825174825174825	0.1222385726538769
0.3252707581227437	0.9842657342657343	0.12222385023295382
0.3263537906137184	0.9842657342657343	0.12220912933832484
0.32815884476534296	0.9842657342657343	0.12209141711602728
0.3292418772563177	0.9842657342657343	0.12207670995359979
0.32996389891696754	0.9842657342657343	0.12203259761775845
0.33140794223826714	0.9842657342657343	0.12200319701907648
0.33176895306859205	0.9842657342657343	0.12198849900700255
0.3324909747292419	0.9842657342657343	0.12197380251964146
0.3332129963898917	0.9842657342657343	0.12194441411866232
0.33393501805054154	0.9842657342657343	0.12192972220484638
0.3342960288808664	0.9842657342657343	0.12191503181534767
0.33501805054151623	0.9842657342657343	0.12190034295006723
0.33537906137184115	0.9842657342657343	0.12188565560890617
0.336101083032491	0.9842657342657343	0.12185628549854621
0.3371841155234657	0.9842657342657343	0.12184160272914941
0.33754512635379064	0.9842657342657343	0.12182692148347614
0.33935018050541516	0.9842657342657343	0.1217828868878075
0.340072202166065	0.9842657342657343	0.12175353810749774
0.3407942238267148	0.9842657342657343	0.1217388660020866
0.34115523465703973	0.9842657342657343	0.12172419541970596
0.34259927797833933	0.9842657342657343	0.12163620390351536
0.34332129963898916	0.9842657342657343	0.12160688557787165
0.34548736462093865	0.9842657342657343	0.12153361639945769
0.3462093862815884	0.9842657342657343	0.12148967315292092
0.3476534296028881	0.9842657342657343	0.12143110345591608
0.34909747292418775	0.9842657342657343	0.12138719215347402
0.3512635379061372	0.9842657342657343	0.12132866503887378
0.3523465703971119	0.9842657342657343	0.12128478566594199
0.35342960288808667	0.9842657342657343	0.12127016224834353
0.35379061371841153	0.9842657342657343	0.1212555403506024
0.35451263537906136	0.9842657342657343	0.12122630111429482
0.3548736462093863	0.9842657342657343	0.12119706795622469
0.35631768953068593	0.9842657342657343	0.12116784087559755
0.3574007220216607	0.9842657342657343	0.121080196090426
0.3588447653429603	0.9842657342657343	0.12105099331162227
0.3592057761732852	0.9842657342657343	0.12102179660628662
0.36064981949458486	0.9842657342657343	0.1209926059736238
0.36173285198555954	0.9842657342657343	0.12083216600745073
0.3628158844765343	0.9842657342657343	0.12081758965922057
0.3635379061371841	0.9842657342657343	0.12075929943305937
0.36462093862815886	0.9842657342657343	0.12074473066771109
0.3649819494584838	0.9842657342657343	0.12073016341864055
0.36570397111913355	0.9842657342657343	0.12071559768574813
0.3671480144404332	0.9842657342657343	0.12064279176047193
0.36787003610108304	0.9842657342657343	0.12061368000012213
0.36967509025270756	0.9842657342657343	0.12045367364657593
0.3703971119133574	0.9842657342657343	0.12043913670213738
0.37148014440433214	0.9842657342657343	0.12039553495353221
0.3729241877256318	0.9842657342657343	0.12035194682989794
0.3740072202166065	0.9842657342657343	0.12029385052146185
0.3747292418772563	0.9842657342657343	0.1202793302275702
0.37509025270758123	0.9842657342657343	0.12026481144676589
0.37581227436823106	0.9842657342657343	0.12025029417894904
0.376173285198556	0.9842657342657343	0.1202067514524251
0.3776173285198556	0.9842657342657343	0.12010520469312538
0.3779783393501805	0.9842657342657343	0.12007620494182404
0.3787003610108303	0.9842657342657343	0.12006170733375683
0.37906137184115524	0.9842657342657343	0.12004721123727882
0.3805054151624549	0.9842657342657343	0.12001822357869031
0.3819494584837545	0.9842657342657343	0.119931296870668
0.38267148014440433	0.9842657342657343	0.11988785391231317
0.38664259927797834	0.9842657342657343	0.11938202309705714
0.3877256317689531	0.9842657342657343	0.119338752123343
0.3884476534296029	0.9842657342657343	0.11930991234061476
0.3891696750902527	0.9842657342657343	0.11928107858341504
0.3898916967509025	0.9842657342657343	0.11926666396413754
0.392057761732852	0.9842657342657343	0.11903623481447326
0.3927797833935018	0.9842657342657343	0.11902184578492177
0.3938628158844765	0.9842657342657343	0.11890678769753693
0.3953068592057762	0.9842657342657343	0.11887803821340176
0.3967509025270758	0.9842657342657343	0.11877746236977235
0.3974729241877256	0.9842657342657343	0.11870566756342599
0.39783393501805053	0.9842657342657343	0.11861956336604504
0.39855595667870036	0.9842657342657343	0.11856219060029197
0.3989169675090253	0.9842657342657343	0.11851917678845891
0.4010830324909747	0.9842657342657343	0.11846184605082011
0.4014440433212996	0.9842657342657343	0.11839021638814175
0.40216606498194946	0.9842657342657343	0.11836157502339897
0.40252707581227437	0.9842657342657343	0.11833293965763447
0.4032490974729242	0.9842657342657343	0.11831862422411706
0.4064981949458484	0.9842657342657343	0.11800406386695074
0.4072202166064982	0.9842657342657343	0.11797550342032788
0.41155234657039713	0.9842657342657343	0.1176190028204057
0.4122743682310469	0.9842657342657343	0.1176047622353358
0.41949458483754515	0.9842657342657343	0.11662576527685796
0.4202166064981949	0.9842657342657343	0.11656922931073091
0.4216606498194946	0.9842657342657343	0.116329216803323
0.4223826714801444	0.9842657342657343	0.11631511179274316
0.42707581227436825	0.9842657342657343	0.11396647264586077
0.427797833935018	0.9842657342657343	0.11367581590702706
0.42888086642599277	0.9842657342657343	0.11323415308339271
0.4296028880866426	0.9842657342657343	0.11294512595173026
0.43176895306859203	0.9842657342657343	0.11038622163431912
0.43249097472924186	0.9842657342657343	0.11017080371872975
0.4328519855595668	0.9842657342657343	0.10047910344623884
0.4469314079422383	0.9842657342657343	0.09879534634074633
0.4505415162454874	0.9842657342657343	0.09878180892066764
0.45126353790613716	0.9842657342657343	0.09878090648472328
0.4555956678700361	0.9842657342657343	0.09876471315003353
0.4563176895306859	0.9842657342657343	0.09876440609319971
0.4566787003610108	0.9842657342657343	0.09876275418673816
0.45740072202166066	0.9842657342657343	0.09876069384333934
0.46064981949458483	0.9842657342657343	0.09875225914062412
0.4617328519855596	0.9842657342657343	0.0987520324101573
0.4628158844765343	0.9842657342657343	0.09875090454004358
0.4635379061371841	0.9842657342657343	0.09875075872703297
0.47942238267148013	0.9842657342657343	0.09873874629898441
0.48014440433212996	0.9842657342657343	0.09873835784015325
0.4891696750902527	0.9842657342657343	0.09873637394663057
0.4902527075812274	0.9842657342657343	0.09873628608270334
0.49783393501805057	0.9842657342657343	0.09873452616298531
0.49855595667870034	0.9842657342657343	0.09873447752608787
0.503971119133574	0.9842657342657343	0.09873350535478018
0.5046931407942238	0.9842657342657343	0.09873347447379141
0.5220216606498195	0.9842657342657343	0.09873062419024296
0.5234657039711191	0.9842657342657343	0.09873038178633116
0.5249097472924188	0.9842657342657343	0.09873021429314778
0.5256317689530686	0.9842657342657343	0.09873017160681874
0.5451263537906137	0.9842657342657343	0.09872588879032397
0.5458483754512635	0.9842657342657343	0.09872582429888382
0.5490974729241878	0.9842657342657343	0.09872528813620621
0.5498194945848376	0.9842657342657343	0.09872523340627928
0.5530685920577617	0.9842657342657343	0.09872488924046526
0.5537906137184115	0.9842657342657343	0.0987248439336262
0.5624548736462094	0.9842657342657343	0.09872321198725359
0.5653429602888087	0.9842657342657343	0.09872316585105177
0.58014440433213	0.9842657342657343	0.0987195972267147
0.5808664259927798	0.9842657342657343	0.09871955805952391
0.5870036101083033	0.9842657342657343	0.09871784460512506
0.5877256317689531	0.9842657342657343	0.0987178210165869
0.5895306859205777	0.9842657342657343	0.09871739344096132
0.5902527075812274	0.9842657342657343	0.09871725150023715
0.5949458483754513	0.9842657342657343	0.09871571763626245
0.5956678700361011	0.9842657342657343	0.09871557063705877
0.603971119133574	0.9842657342657343	0.09871363609022978
0.6046931407942239	0.9842657342657343	0.09871359441668996
0.612274368231047	0.9842657342657343	0.09871131981157118
0.6129963898916968	0.9842657342657343	0.0987111403358592
0.6180505415162455	0.9842657342657343	0.0987095370323919
0.6187725631768953	0.9842657342657343	0.09870937198776317
0.6209386281588448	0.9842657342657343	0.09870893510610862
0.6220216606498195	0.9842657342657343	0.09870873538935425
0.6285198555956679	0.9842657342657343	0.09870559053803628
0.6285198555956679	0.986013986013986	0.09870555373989956
0.6350180505415163	0.986013986013986	0.09870308273085734
0.6357400722021661	0.986013986013986	0.09870292853849953
0.6397111913357401	0.986013986013986	0.09870124044908248
0.6404332129963899	0.986013986013986	0.0987012071984802
0.6476534296028881	0.986013986013986	0.09869852145299476
0.6476534296028881	0.9877622377622378	0.09869838742696026
0.6501805054151625	0.9877622377622378	0.09869780144619887
0.6509025270758123	0.9877622377622378	0.09869749528152422
0.6516245487364621	0.9877622377622378	0.09869731582077267
0.6516245487364621	0.9895104895104895	0.09869707246131301
0.651985559566787	0.9895104895104895	0.0986969300450815
0.6527075812274368	0.9895104895104895	0.09869671665563387
0.6552346570397112	0.9895104895104895	0.09869627254359181
0.655956678700361	0.9895104895104895	0.09869606045618298
0.6653429602888087	0.9895104895104895	0.09869054877075367
0.6660649819494585	0.9895104895104895	0.09869037206376965
0.6685920577617328	0.9895104895104895	0.09868908035014246
0.6685920577617328	0.9912587412587412	0.09868903230887315
0.6740072202166065	0.9912587412587412	0.098687183310497
0.6754512635379062	0.9912587412587412	0.0986870932186294
0.6855595667870036	0.9912587412587412	0.0986791764071078
0.6862815884476534	0.9912587412587412	0.09867832056946887
0.6866425992779783	0.9912587412587412	0.0986776138404498
0.6873646209386282	0.9912587412587412	0.09867725726524648
0.6895306859205776	0.9912587412587412	0.0986739438570786
0.6895306859205776	0.993006993006993	0.09867389884696746
0.6942238267148014	0.993006993006993	0.09866758340866408
0.6956678700361011	0.993006993006993	0.09866545527355929
0.6981949458483755	0.993006993006993	0.09866325504125999
0.6989169675090253	0.993006993006993	0.09866212673395312
0.7028880866425993	0.993006993006993	0.09865149531099775
0.7046931407942238	0.993006993006993	0.09865103232413681
0.7061371841155235	0.993006993006993	0.09864814795957318
0.7068592057761733	0.993006993006993	0.09864789714881261
0.7083032490974729	0.993006993006993	0.09864554247325755
0.7090252707581227	0.993006993006993	0.09864548553586677
0.7108303249097473	0.993006993006993	0.09864172819193928
0.7115523465703971	0.993006993006993	0.09864160925212671
0.7148014440433214	0.993006993006993	0.09863366482321181
0.715884476534296	0.993006993006993	0.09863168741392431
0.7407942238267148	0.993006993006993	0.09858240482184889
0.7415162454873646	0.993006993006993	0.09858237736837594
0.744043321299639	0.993006993006993	0.09858132147073768
0.7447653429602888	0.993006993006993	0.09858112949043113
0.7516245487364621	0.993006993006993	0.09857913323966042
0.776173285198556	0.9947552447552448	0.09857894573787979
0.7783393501805054	0.9947552447552448	0.09857337611371698
0.7783393501805054	0.9965034965034965	0.09857310391679802
0.7996389891696751	0.9965034965034965	0.09840711046501993
0.800361010830325	0.9965034965034965	0.09839379561939257
0.8184115523465704	0.9965034965034965	0.06879216116157716
0.8429602888086642	0.9965034965034965	0.06810496206072837
0.8433212996389892	0.9965034965034965	0.06805122133552512
0.8483754512635379	0.9965034965034965	0.06796809307594891
0.8490974729241877	0.9965034965034965	0.06795309086793613
0.8512635379061372	0.9965034965034965	0.06792743551435772
0.8512635379061372	0.9982517482517482	0.06792456622531462
0.8570397111913357	0.9982517482517482	0.06781171571054063
0.8584837545126354	0.9982517482517482	0.06776835797609597
0.859927797833935	0.9982517482517482	0.06775401446585073
0.8610108303249098	0.9982517482517482	0.06772115126016078
0.863898916967509	0.9982517482517482	0.0676124829049253
0.8642599277978339	0.9982517482517482	0.06760833706522251
0.8671480144404332	0.9982517482517482	0.0675609516260955
0.8671480144404332	1.0	0.0675509058728743
0.8700361010830325	1.0	0.06749567645401301
0.8703971119133574	1.0	0.06746540861766949
0.871841155234657	1.0	0.0673368981177273
0.8722021660649819	1.0	0.06728575934177639
0.8736462093862816	1.0	0.06727910285807838
0.8740072202166065	1.0	0.06727532373452422
0.8783393501805055	1.0	0.06722402076995147
0.8787003610108304	1.0	0.06722156098743802
0.8801444043321299	1.0	0.06716218390509048
0.8805054151624548	1.0	0.06714265805625422
0.8819494584837545	1.0	0.06711387930853628
0.8826714801444043	1.0	0.06709513977040514
0.884115523465704	1.0	0.0670604474777282
0.8844765342960289	1.0	0.06705705973322712
0.8888086642599278	1.0	0.06688773632329591
0.8891696750902527	1.0	0.06687685676934156
0.8906137184115523	1.0	0.06678929536262034
0.8909747292418773	1.0	0.0667848798399869
0.8953068592057761	1.0	0.06649367290525754
0.895667870036101	1.0	0.06645930337757974
0.8963898916967509	1.0	0.06644860074324388
0.8967509025270758	1.0	0.06644257684371885
0.8981949458483754	1.0	0.06641763870348101
0.9046931407942238	1.0	0.06617053787075917
0.9054151624548736	1.0	0.06612306126232283
0.9126353790613718	1.0	0.06576087162201887
0.9137184115523466	1.0	0.06549884317406425
0.9144404332129964	1.0	0.06549879586547218
0.915884476534296	1.0	0.06549847366103488
0.9166064981949459	1.0	0.06548140800228705
0.9169675090252708	1.0	0.06539800752208569
0.9191335740072202	1.0	0.06531098170352756
0.91985559566787	1.0	0.06522336008191794
0.9205776173285198	1.0	0.06519943590902898
0.9209386281588448	1.0	0.0651646293993466
0.9223826714801444	1.0	0.06508049001612358
0.9227436823104693	1.0	0.06507448802630612
0.924187725631769	1.0	0.06499422468889254
0.9249097472924188	1.0	0.06489779638752463
0.9263537906137184	1.0	0.06482974861277922
0.9267148014440433	1.0	0.0646203466343229
0.9281588447653429	1.0	0.06457251142537812
0.9285198555956679	1.0	0.06454831879897331
0.9314079422382672	1.0	0.06441349089545433
0.9317689530685921	1.0	0.0643204328098839
0.9324909747292419	1.0	0.0642373472132442
0.9339350180505415	1.0	0.0642168413095002
0.9368231046931408	1.0	0.06376625672394617
0.9375451263537906	1.0	0.06375709273924601
0.9382671480144404	1.0	0.06375661106805722
0.9389891696750903	1.0	0.06374866804077638
0.9397111913357401	1.0	0.06374865225956519
0.940072202166065	1.0	0.06363651001863986
0.9415162454873646	1.0	0.06361750759857081
0.9422382671480144	1.0	0.06354992952947895
0.9429602888086642	1.0	0.06354658364899995
0.9433212996389891	1.0	0.06354431185261704
0.9447653429602888	1.0	0.06345547677045389
0.9451263537906137	1.0	0.06344678367743783
0.9462093862815885	1.0	0.06344606445009832
0.9476534296028881	1.0	0.06343136516406873
0.948014440433213	1.0	0.06338033843279023
0.9487364620938629	1.0	0.06333572715756557
0.9498194945848375	1.0	0.06327531428734921
0.9505415162454873	1.0	0.06327505210393364
0.9509025270758122	1.0	0.06322673080771761
0.951985559566787	1.0	0.06322627043256748
0.9523465703971119	1.0	0.06320250139415273
0.9530685920577617	1.0	0.06320189275005586
0.9534296028880866	1.0	0.06318724794597198
0.9548736462093863	1.0	0.06318619992691725
0.955956678700361	1.0	0.06313715650394745
0.9570397111913357	1.0	0.06313692844169365
0.9574007220216606	1.0	0.06299121467650012
0.9584837545126353	1.0	0.06299098638237514
0.9588447653429603	1.0	0.0628943188915668
0.959927797833935	1.0	0.06289386655495681
0.9606498194945848	1.0	0.06233056599793067
0.9620938628158845	1.0	0.062330113160645684
0.9624548736462094	1.0	0.062036122780620734
0.9638989169675091	1.0	0.061986333750519824
0.9657039711191335	1.0	0.06128034121752006
0.9667870036101083	1.0	0.0612798510191977
0.9689530685920578	1.0	0.06127195797243004
0.9693140794223827	1.0	0.0606364890214298
0.9707581227436823	1.0	0.06059982608706011
0.9711191335740073	1.0	0.06048047385992468
0.9718411552346571	1.0	0.06030698370166134
0.9732851985559566	1.0	0.05978193421468732
0.9743682310469314	1.0	0.05978169803548261
0.9776173285198556	1.0	0.05893911812159158
0.9790613718411553	1.0	0.05893890256130827
0.9812274368231046	1.0	0.05803243337547071
0.983754512635379	1.0	0.05803219840572665
0.9855595667870036	1.0	0.0579572333811677
0.9866425992779784	1.0	0.05743525943267407
0.988086642599278	1.0	0.057435017767045966
0.9884476534296028	1.0	0.057139014638509
0.9902527075812274	1.0	0.0571385958863602
0.9913357400722022	1.0	0.05684382094088535
0.9927797833935018	1.0	0.05684361157758885
0.9942238267148015	1.0	0.053069061087980936
0.9956678700361011	1.0	0.05306791848858943
0.996028880866426	1.0	0.051953448298342
0.9967509025270758	1.0	0.051102238601878576
0.9985559566787003	1.0	0.031582135564705564
1.0	1.0	0.013983353914601203
