chr1,1373795,1373931,0
chr1,1373942,1374490,0
chr1,1374665,1374815,0
chr1,11674723,11674868,0
chr1,11675046,11675195,0
chr1,11675614,11675763,0
chr1,11676014,11676161,0
chr1,11676841,11676982,0
chr1,11677507,11677641,0
chr1,11680313,11680511,0
chr1,11680525,11680663,0
chr1,17018839,17018933,0
chr1,17022553,17022765,0
chr1,17023942,17024093,0
chr1,17027689,17027894,0
chr1,17028579,17028784,0
chr1,17033023,17033157,0
chr1,17044714,17044913,0
chr1,17053915,17054059,0
chr1,19975657,19975858,0
chr1,19977990,19978123,0
chr1,19978339,19978547,0
chr1,19978667,19978818,0
chr1,23691749,23691885,0
chr1,23692588,23692789,0
chr1,23693803,23693943,0
chr1,23694545,23694665,0
chr1,23694722,23694842,0
chr1,23695658,23695824,0
chr1,23695843,23695964,0
chr1,23696354,23696476,0
chr1,33010755,33010904,0
chr1,33012051,33012185,0
chr1,33013144,33013273,0
chr1,33013323,33013449,0
chr1,33014477,33014623,0
chr1,33021240,33021405,0
chr1,33021435,33021564,0
chr1,33021613,33021795,0
chr1,33024361,33024610,0
chr1,33036660,33036928,0
chr1,36466069,36466202,0
chr1,36466323,36466953,0
chr1,36467200,36467350,0
chr1,36467523,36467661,0
chr1,36467805,36468265,0
chr1,36469143,36469285,0
chr1,36469585,36469883,0
chr1,36471396,36471692,0
chr1,36472025,36472162,0
chr1,36472188,36472738,0
chr1,36473397,36473942,0
chr1,36475344,36475724,0
chr1,36479402,36479542,0
chr1,43337830,43337972,0
chr1,43338062,43338265,0
chr1,43338513,43338727,0
chr1,43339222,43339606,0
chr1,43339948,43340161,0
chr1,43340334,43340538,0
chr1,43346413,43346953,0
chr1,43348829,43349023,0
chr1,43349226,43349365,0
chr1,43352173,43352323,0
chr1,43352503,43352796,0
chr1,43935617,43935759,0
chr1,43936026,43936400,0
chr1,43936448,43936821,0
chr1,45329257,45329461,0
chr1,45330453,45330601,0
chr1,45331152,45331875,0
chr1,45331998,45332339,0
chr1,45332356,45332501,0
chr1,45332540,45332995,0
chr1,45333061,45333208,0
chr1,45333222,45333361,0
chr1,45333367,45333657,0
chr1,45334357,45334567,0
chr1,45340170,45340308,0
chr1,46248350,46248481,0
chr1,46248490,46248639,0
chr1,46249966,46250173,0
chr1,46258646,46258795,0
chr1,46259921,46260130,0
chr1,46260500,46260646,0
chr1,46260672,46261045,0
chr1,46261211,46261423,0
chr1,46267438,46267648,0
chr1,46270605,46270812,0
chr1,46272431,46272582,0
chr1,46272646,46272851,0
chr1,46273310,46273764,0
chr1,46274120,46274256,0
chr1,46274488,46274785,0
chr1,46277772,46278324,0
chr1,92476002,92476207,0
chr1,92478565,92478748,0
chr1,92480327,92481126,0
chr1,92482817,92483104,0
chr1,92483313,92483516,0
chr1,92832049,92832190,0
chr1,92833197,92833326,0
chr1,92833427,92833547,0
chr1,92833623,92833750,0
chr1,92834713,92834997,0
chr1,92836124,92836475,0
chr1,92837303,92837531,0
chr1,92837537,92837665,0
chr1,92840424,92840601,0
chr1,92840604,92840728,0
chr1,92841701,92841954,0
chr1,97078963,97079177,0
chr1,97082301,97082502,0
chr1,97098446,97098646,0
chr1,97193015,97193302,0
chr1,97234814,97235023,0
chr1,97305215,97305427,0
chr1,97306123,97306323,0
chr1,97373517,97373659,0
chr1,97382345,97382495,0
chr1,97450042,97450251,0
chr1,97515697,97515980,0
chr1,97549503,97549789,0
chr1,97573706,97573993,0
chr1,97593208,97593415,0
chr1,97595038,97595185,0
chr1,97679066,97679202,0
chr1,97691682,97691832,0
chr1,97699316,97699599,0
chr1,97720821,97720961,0
chr1,97721482,97721676,0
chr1,97740358,97740490,0
chr1,97828070,97828212,0
chr1,97883210,97883407,0
chr1,97920843,97920987,0
chr1,114708477,114708681,0
chr1,114709532,114709743,0
chr1,114713795,114713992,0
chr1,114716003,114716213,0
chr1,145925880,145926253,0
chr1,145926454,145926723,0
chr1,145926791,145926930,0
chr1,145926961,145927112,0
chr1,145927309,145927453,0
chr1,150067846,150067984,0
chr1,150068607,150068805,0
chr1,150072120,150072270,0
chr1,150076214,150076350,0
chr1,150076874,150077018,0
chr1,150077074,150077270,0
chr1,150077626,150077822,0
chr1,150081295,150081495,0
chr1,150081827,150082041,0
chr1,150082693,150082904,0
chr1,150091917,150092127,0
chr1,150092277,150092425,0
chr1,150093480,150093679,0
chr1,150110473,150110672,0
chr1,150142920,150143045,0
chr1,150144683,150144973,0
chr1,154272671,154272804,0
chr1,154273257,154273376,0
chr1,154273382,154273501,0
chr1,154273540,154273827,0
chr1,154273866,154273991,0
chr1,154274908,154275042,0
chr1,154275141,154275291,0
chr1,154275351,154275501,0
chr1,154275582,154275713,0
chr1,155127967,155128099,0
chr1,155131299,155131670,0
chr1,155133462,155133609,0
chr1,155133668,155133811,0
chr1,155133917,155134124,0
chr1,156054845,156054980,0
chr1,156055231,156055439,0
chr1,156057942,156058092,0
chr1,156058269,156058409,0
chr1,185087540,185087676,0
chr1,185091514,185091746,0
chr1,185092979,185093163,0
chr1,185093187,185093308,0
chr1,185098026,185098408,0
chr1,185099741,185099988,0
chr1,185100194,185100327,0
chr1,193122170,193122367,0
chr1,193125095,193125229,0
chr1,193130152,193130289,0
chr1,193135350,193135617,0
chr1,193138048,193138187,0
chr1,193141802,193142098,0
chr1,193147855,193148000,0
chr1,193150279,193150427,0
chr1,193152355,193152494,0
chr1,193203752,193203886,0
chr1,193212013,193212162,0
chr1,193212363,193212506,0
chr1,193232971,193233169,0
chr1,193236245,193236386,0
chr1,193249705,193249902,0
chr1,193250633,193250771,0
chr1,196652060,196652202,0
chr1,196672923,196673205,0
chr1,196673847,196673979,0
chr1,196675946,196676082,0
chr1,196677426,196677706,0
chr1,196679620,196679804,0
chr1,196685062,196685247,0
chr1,196689364,196689484,0
chr1,196689486,196689678,0
chr1,196690068,196690261,0
chr1,196701251,196701387,0
chr1,196713662,196713961,0
chr1,196715593,196715787,0
chr1,196725121,196725322,0
chr1,196726445,196726982,0
chr1,196728343,196728541,0
chr1,196736839,196737044,0
chr1,196737437,196737722,0
chr1,196740617,196740812,0
chr1,196741864,196742065,0
chr1,196743420,196743614,0
chr1,196745728,196745911,0
chr1,196745938,196746060,0
chr1,196747105,196747382,0
chr1,202331807,202332012,0
chr1,202332974,202333106,0
chr1,202333202,202333346,0
chr1,202333422,202333557,0
chr1,202334941,202335078,0
chr1,202335601,202335812,0
chr1,226361482,226361610,0
chr1,226361937,226362136,0
chr1,226363062,226363204,0
chr1,226363908,226364122,0
chr1,226364990,226365192,0
chr1,226365933,226366072,0
chr1,226367446,226367657,0
chr1,226368166,226368374,0
chr1,226370417,226370551,0
chr1,226374173,226374385,0
chr1,226377068,226377356,0
chr1,226379120,226379319,0
chr1,226379529,226379661,0
chr1,226379893,226380185,0
chr1,226381045,226381240,0
chr1,226382997,226383206,0
chr1,226385480,226385680,0
chr1,226386291,226386485,0
chr1,226388626,226388761,0
chr1,226390351,226390478,0
chr1,226390525,226390647,0
chr1,226392153,226392360,0
chr1,226402098,226402386,0
chr1,226407781,226407977,0
chr1,235662892,235663099,0
chr1,235663943,235664075,0
chr1,235664451,235664657,0
chr1,235677078,235677218,0
chr1,235677441,235677635,0
chr1,235686938,235687078,0
chr1,235693330,235693529,0
chr1,235697030,235697314,0
chr1,235702718,235703007,0
chr1,235709067,235709349,0
chr1,235712033,235712230,0
chr1,235715184,235715395,0
chr1,235716673,235716804,0
chr1,235720641,235720922,0
chr1,235724001,235724198,0
chr1,235728037,235728181,0
chr1,235729551,235729700,0
chr1,235730818,235730951,0
chr1,235731009,235731212,0
chr1,235733438,235733731,0
chr1,235733787,235733923,0
chr1,235734463,235734659,0
chr1,235741392,235741674,0
chr1,235743985,235744149,0
chr1,235746285,235746565,0
chr1,235751181,235751378,0
chr1,235751996,235752197,0
chr1,235753028,235753310,0
chr1,235755454,235755648,0
chr1,235757271,235757471,0
chr1,235758927,235759631,0
chr1,235762677,235762871,0
chr1,235766020,235766307,0
chr1,235770140,235770334,0
chr1,235773806,235774005,0
chr1,235774895,235775091,0
chr1,235777030,235777314,0
chr1,235780822,235781104,0
chr1,235781894,235782093,0
chr1,235787172,235787373,0
chr1,235788669,235788865,0
chr1,235791681,235792130,0
chr1,235793491,235793622,0
chr1,235800272,235800407,0
chr1,235800852,235801133,0
chr1,235802890,235803102,0
chr1,235804470,235804670,0
chr1,235812942,235813075,0
chr1,235830191,235830470,0
chr1,241497761,241497985,0
chr1,241500390,241500628,0
chr1,241502417,241502613,0
chr1,241503991,241504281,0
chr1,241505970,241506171,0
chr1,241508545,241508830,0
chr1,241511937,241512148,0
chr1,241513550,241513745,0
chr1,241517136,241517336,0
chr1,241519544,241519757,0
chr1,241850408,241850603,0
chr1,241852253,241852450,0
chr1,241853331,241853535,0
chr1,241857295,241857505,0
chr1,241858464,241858746,0
chr1,241860474,241860754,0
chr1,241861394,241861534,0
chr1,241866812,241867095,0
chr1,241872024,241872303,0
chr1,241878745,241879364,0
chr1,241881890,241882023,0
chr1,241885265,241885544,0
chr1,241889427,241889628,0
chr2,3575427,3575555,0
chr2,3575647,3575769,0
chr2,3575863,3575986,0
chr2,3576419,3576538,0
chr2,3576541,3576714,0
chr2,3577523,3577651,0
chr2,3577737,3577858,0
chr2,3580024,3580152,0
chr2,3580225,3580345,0
chr2,3580661,3580850,0
chr2,3580883,3581005,0
chr2,29193180,29193986,0
chr2,29196728,29196872,0
chr2,29197493,29197705,0
chr2,29207150,29207282,0
chr2,29209775,29209912,0
chr2,29213946,29214091,0
chr2,29220657,29220871,0
chr2,29222289,29222430,0
chr2,29222495,29222644,0
chr2,29223281,29223578,0
chr2,29225444,29225578,0
chr2,29226909,29227104,0
chr2,29227560,29227706,0
chr2,29228834,29229125,0
chr2,29232263,29232462,0
chr2,29233532,29233729,0
chr2,29239637,29239848,0
chr2,29251083,29251295,0
chr2,29275055,29275266,0
chr2,29275384,29275527,0
chr2,29296856,29297061,0
chr2,29318278,29318426,0
chr2,29320707,29320914,0
chr2,29328297,29328511,0
chr2,29383697,29383908,0
chr2,29531878,29532173,0
chr2,29694844,29695048,0
chr2,29717549,29717746,0
chr2,29919978,29920691,0
chr2,47369487,47369620,0
chr2,47373456,47373599,0
chr2,47373797,47374081,0
chr2,47375202,47375351,0
chr2,47376988,47377128,0
chr2,47378946,47379087,0
chr2,47379727,47380007,0
chr2,47385128,47385272,0
chr2,47386536,47386677,0
chr2,47403143,47403432,0
chr2,47408368,47408571,0
chr2,47410055,47410421,0
chr2,47412399,47412593,0
chr2,47414225,47414429,0
chr2,47416274,47416473,0
chr2,47429711,47429997,0
chr2,47445535,47445667,0
chr2,47463001,47463207,0
chr2,47466624,47466821,0
chr2,47470944,47471078,0
chr2,47475012,47475301,0
chr2,47476333,47476618,0
chr2,47478236,47478524,0
chr2,47480665,47480879,0
chr2,47482764,47482973,0
chr2,47783205,47783498,0
chr2,47790886,47791133,0
chr2,47795890,47796092,0
chr2,47803354,47803728,0
chr2,47804852,47805054,0
chr2,47805606,47805740,0
chr2,47806148,47806690,0
chr2,47806763,47806904,0
chr2,55232834,55232954,0
chr2,55233387,55233513,0
chr2,55234057,55234222,0
chr2,55234698,55234883,0
chr2,55234929,55235050,0
chr2,55235323,55235494,0
chr2,55235513,55235633,0
chr2,58159696,58159842,0
chr2,58160064,58160213,0
chr2,58161476,58161672,0
chr2,58162842,58163110,0
chr2,58163392,58163531,0
chr2,58165688,58165887,0
chr2,58198560,58198704,0
chr2,58204110,58204242,0
chr2,58221928,58222063,0
chr2,58226682,58226817,0
chr2,58229779,58229913,0
chr2,58231998,58232139,0
chr2,58241209,58241348,0
chr2,69013458,69013661,0
chr2,69039996,69040136,0
chr2,69044718,69044859,0
chr2,69070610,69070743,0
chr2,69071694,69071845,0
chr2,69073005,69073144,0
chr2,69075566,69075702,0
chr2,69077384,69077531,0
chr2,69090803,69090944,0
chr2,69102807,69102949,0
chr2,69122995,69123134,0
chr2,69124547,69124680,0
chr2,69145294,69145430,0
chr2,69152151,69152301,0
chr2,69170190,69170326,0
chr2,69172293,69172436,0
chr2,69181777,69181913,0
chr2,69182474,69182687,0
chr2,69193295,69193436,0
chr2,69245205,69245333,0
chr2,69245390,69245515,0
chr2,88557685,88557971,0
chr2,88558861,88559002,0
chr2,88562267,88562401,0
chr2,88570840,88571043,0
chr2,88574606,88575487,0
chr2,88576528,88576713,0
chr2,88579471,88579672,0
chr2,88583373,88583580,0
chr2,88585800,88586084,0
chr2,88587955,88588155,0
chr2,88588718,88588920,0
chr2,88590407,88590611,0
chr2,88590782,88591072,0
chr2,88593233,88593432,0
chr2,88595418,88595700,0
chr2,88613675,88613874,0
chr2,88626947,88627143,0
chr2,88627196,88627322,0
chr2,127257565,127257776,0
chr2,127259256,127259461,0
chr2,127261195,127261393,0
chr2,127271276,127271488,0
chr2,127272846,127272981,0
chr2,127279122,127279407,0
chr2,127280397,127280680,0
chr2,127286677,127287061,0
chr2,127288615,127288740,0
chr2,127288760,127288943,0
chr2,127289312,127289866,0
chr2,127290174,127290317,0
chr2,127292595,127292878,0
chr2,127293473,127293769,0
chr2,127293991,127294122,0
chr2,127419897,127420032,0
chr2,127421275,127421472,0
chr2,127422872,127423456,0
chr2,127426058,127426256,0
chr2,127427057,127427268,0
chr2,127428349,127428977,0
chr2,136116437,136116735,0
chr2,136117972,136118122,0
chr2,174562496,174562638,0
chr2,174567037,174567239,0
chr2,174567828,174568125,0
chr2,174571650,174572459,0
chr2,174575198,174575402,0
chr2,174581286,174581489,0
chr2,174585491,174585632,0
chr2,189791772,189791966,0
chr2,189795729,189796017,0
chr2,189805612,189805905,0
chr2,189806329,189806449,0
chr2,189817981,189818184,0
chr2,189843933,189844129,0
chr2,189852599,189852802,0
chr2,189853924,189854124,0
chr2,189854181,189855146,0
chr2,189863717,189864255,0
chr2,189867774,189867980,0
chr2,189873458,189873662,0
chr2,189877238,189877440,0
chr2,201258212,201258421,0
chr2,201266453,201266827,0
chr2,201269500,201269642,0
chr2,201271490,201271631,0
chr2,201272602,201272804,0
chr2,201272839,201272989,0
chr2,201274849,201274991,0
chr2,201276780,201276986,0
chr2,201284781,201285325,0
chr2,201286421,201286592,0
chr2,214728643,214729014,0
chr2,214730391,214730524,0
chr2,214745036,214745167,0
chr2,214745690,214745884,0
chr2,214752422,214752559,0
chr2,214767460,214767671,0
chr2,214769196,214769333,0
chr2,214792256,214792457,0
chr2,214797009,214797157,0
chr2,214809392,214809605,0
chr2,218134778,218135091,0
chr2,218135095,218135214,0
chr2,218135283,218135563,0
chr2,218135631,218135900,0
chr2,219076346,219076490,0
chr2,219077194,219077403,0
chr2,219078044,219078256,0
chr2,219146622,219146763,0
chr2,219147630,219147841,0
chr2,219157445,219157736,0
chr2,219158185,219158388,0
chr3,9750237,9750444,0
chr3,9750923,9751202,0
chr3,9751718,9752010,0
chr3,9754639,9754936,0
chr3,9756432,9756632,0
chr3,9756726,9756860,0
chr3,9756986,9757367,0
chr3,9759164,9759300,0
chr3,9765795,9766166,0
chr3,9890706,9890846,0
chr3,9892878,9893429,0
chr3,10028633,10028770,0
chr3,10032799,10033002,0
chr3,10034431,10034578,0
chr3,10034680,10034811,0
chr3,10035136,10035287,0
chr3,10036256,10036395,0
chr3,10039243,10039379,0
chr3,10039681,10039887,0
chr3,10040472,10040606,0
chr3,10041610,10041741,0
chr3,10042553,10042688,0
chr3,10043028,10043179,0
chr3,10043405,10043688,0
chr3,10043710,10043901,0
chr3,10046498,10046789,0
chr3,10047797,10048082,0
chr3,10049349,10049667,0
chr3,10052340,10052578,0
chr3,10060233,10060441,0
chr3,10062109,10062242,0
chr3,10063806,10063990,0
chr3,10064281,10064540,0
chr3,10064699,10064928,0
chr3,10065337,10065506,0
chr3,10065777,10065999,0
chr3,10067221,10067342,0
chr3,10072886,10073014,0
chr3,10073266,10073389,0
chr3,10074495,10074694,0
chr3,10078032,10078237,0
chr3,10081036,10081500,0
chr3,10085771,10085982,0
chr3,10087085,10087285,0
chr3,10088431,10088576,0
chr3,10088790,10088988,0
chr3,10090274,10090423,0
chr3,10092148,10092282,0
chr3,10093225,10093358,0
chr3,10094257,10094401,0
chr3,10095165,10095297,0
chr3,10096298,10096501,0
chr3,10098702,10098993,0
chr3,10101168,10101302,0
chr3,10141814,10142190,0
chr3,10142723,10143021,0
chr3,10146466,10146661,0
chr3,10149785,10149984,0
chr3,14145899,14146196,0
chr3,14147272,14147417,0
chr3,14147872,14148012,0
chr3,14148530,14148992,0
chr3,14152296,14152445,0
chr3,14153844,14154042,0
chr3,14156327,14156527,0
chr3,14157966,14158939,0
chr3,14159727,14159863,0
chr3,14164775,14164970,0
chr3,14165388,14165595,0
chr3,14167148,14167290,0
chr3,14168210,14168404,0
chr3,14170406,14170604,0
chr3,14172820,14173117,0
chr3,14178460,14178594,0
chr3,36993488,36993700,0
chr3,36996607,36996742,0
chr3,37000931,37001068,0
chr3,37004378,37004513,0
chr3,37006966,37007110,0
chr3,37008803,37008937,0
chr3,37011768,37011900,0
chr3,37011976,37012114,0
chr3,37014400,37014596,0
chr3,37017496,37017631,0
chr3,37020275,37020480,0
chr3,37025604,37026064,0
chr3,37028744,37028945,0
chr3,37040182,37040322,0
chr3,37042238,37042378,0
chr3,37047510,37047709,0
chr3,37048502,37048646,0
chr3,37048865,37049075,0
chr3,37050459,37050658,0
chr3,38138691,38139063,0
chr3,38139839,38140046,0
chr3,38140352,38140648,0
chr3,38140743,38140887,0
chr3,38141109,38141320,0
chr3,41224018,41224149,0
chr3,41224488,41224768,0
chr3,41224913,41225876,0
chr3,41227191,41227388,0
chr3,41233336,41233470,0
chr3,41233504,41233879,0
chr3,41234115,41234328,0
chr3,41235665,41235869,0
chr3,41236311,41236764,0
chr3,41237985,41238120,0
chr3,41239081,41239375,0
chr3,52402246,52402454,0
chr3,52402573,52402715,0
chr3,52402741,52402880,0
chr3,52403115,52403922,0
chr3,52404406,52404617,0
chr3,52405041,52405339,0
chr3,52405733,52405944,0
chr3,52406201,52406415,0
chr3,52406796,52406946,0
chr3,52407157,52407361,0
chr3,52407372,52407514,0
chr3,52407910,52408123,0
chr3,52408442,52408656,0
chr3,52409519,52409658,0
chr3,52409663,52409924,0
chr3,65356351,65356808,0
chr3,65356869,65357154,0
chr3,65359024,65359162,0
chr3,65361097,65361390,0
chr3,65363419,65363622,0
chr3,65364614,65364760,0
chr3,65364829,65364978,0
chr3,65375711,65375995,0
chr3,65379209,65379593,0
chr3,65381827,65382116,0
chr3,65383506,65383655,0
chr3,65387098,65387239,0
chr3,65391089,65391388,0
chr3,65401394,65401535,0
chr3,65429477,65430182,0
chr3,65430644,65430925,0
chr3,65437116,65437255,0
chr3,65439753,65439878,0
chr3,65439917,65440039,0
chr3,65442734,65442883,0
chr3,65447954,65448101,0
chr3,65453223,65453370,0
chr3,65470224,65470520,0
chr3,65478550,65478840,0
chr3,65493471,65493669,0
chr3,65621942,65622138,0
chr3,66037973,66038342,0
chr3,128480995,128481360,0
chr3,128481768,128481982,0
chr3,128483820,128484029,0
chr3,128485690,128486409,0
chr3,128486773,128487067,0
chr3,136250320,136250611,0
chr3,136255816,136256024,0
chr3,136256527,136256662,0
chr3,136259052,136259210,0
chr3,136260449,136260589,0
chr3,136261900,136262114,0
chr3,136283781,136283987,0
chr3,136293725,136293864,0
chr3,136297911,136298113,0
chr3,136301000,136301149,0
chr3,136316912,136317109,0
chr3,136326791,136326936,0
chr3,136327126,136327271,0
chr3,136327598,136327737,0
chr3,136328721,136328866,0
chr3,136329871,136330081,0
chr3,142449422,142449616,0
chr3,142453095,142453235,0
chr3,142457570,142457765,0
chr3,142458950,142459404,0
chr3,142461899,142462101,0
chr3,142465073,142465273,0
chr3,142466278,142466557,0
chr3,142467889,142468087,0
chr3,142469314,142469596,0
chr3,142470050,142470189,0
chr3,142485114,142485326,0
chr3,142493089,142493370,0
chr3,142496327,142496538,0
chr3,142496953,142497236,0
chr3,142498575,142498771,0
chr3,142499599,142499742,0
chr3,142503321,142503462,0
chr3,142505117,142505315,0
chr3,142507932,142508131,0
chr3,142512214,142512493,0
chr3,142513468,142513671,0
chr3,142515338,142515541,0
chr3,142519638,142519835,0
chr3,142522672,142522873,0
chr3,142523942,142524224,0
chr3,142535054,142535248,0
chr3,142536083,142536224,0
chr3,142538465,142538659,0
chr3,142540878,142541083,0
chr3,142542626,142542765,0
chr3,142547666,142547946,0
chr3,142549418,142549714,0
chr3,142550128,142550328,0
chr3,142553201,142553403,0
chr3,142553609,142553744,0
chr3,142553764,142554049,0
chr3,142555860,142556144,0
chr3,142556340,142556622,0
chr3,142558588,142558786,0
chr3,142559210,142559489,0
chr3,142560198,142560490,0
chr3,142561228,142561423,0
chr3,142562198,142563159,0
chr3,142566080,142566280,0
chr3,142568036,142568168,0
chr3,142578590,142578729,0
chr3,149520766,149521045,0
chr3,149525960,149526159,0
chr3,149527801,149528011,0
chr3,149542277,149542573,0
chr3,149572819,149573023,0
chr3,149656853,149657311,0
chr3,169764604,169765063,0
chr3,196471780,196472746,0
chr3,196475193,196475329,0
chr3,196483717,196483931,0
chr3,196487357,196487637,0
chr3,196488564,196488701,0
chr3,196502838,196503219,0
chr3,197950915,197951051,0
chr3,197951099,197951332,0
chr3,197953882,197954073,0
chr3,197954110,197954232,0
chr3,197955758,197955887,0
chr4,41745786,41745981,0
chr4,41746041,41746321,0
chr4,41747305,41747587,0
chr4,41748348,41748637,0
chr4,54657966,54658117,0
chr4,54695455,54695829,0
chr4,54698231,54698607,0
chr4,54699609,54699810,0
chr4,54703704,54703900,0
chr4,54707044,54707341,0
chr4,54709373,54709567,0
chr4,54723552,54723747,0
chr4,54725811,54726099,0
chr4,54727192,54727325,0
chr4,54727383,54727584,0
chr4,54727816,54727959,0
chr4,54727973,54728167,0
chr4,54729322,54729525,0
chr4,54731312,54731443,0
chr4,54731829,54732026,0
chr4,54733038,54733232,0
chr4,54736460,54736657,0
chr4,54736705,54736849,0
chr4,54737154,54737299,0
chr4,54738391,54738601,0
chr4,56467631,56467765,0
chr4,56469624,56469821,0
chr4,56471663,56471868,0
chr4,56474019,56474400,0
chr4,56476607,56476749,0
chr4,56478297,56478545,0
chr4,56478557,56478705,0
chr4,56483080,56483315,0
chr4,56484706,56484901,0
chr4,56486323,56486450,0
chr4,56487902,56488039,0
chr4,56489350,56489490,0
chr4,56490326,56490460,0
chr4,56490572,56490701,0
chr4,56491400,56491595,0
chr4,56495319,56495453,0
chr4,56500515,56500634,0
chr4,56500637,56500756,0
chr4,56501645,56501774,0
chr4,56501839,56501967,0
chr4,153704497,153705052,0
chr4,153705085,153705287,0
chr5,1253710,1253852,0
chr5,1254318,1254531,0
chr5,1255260,1255465,0
chr5,1258572,1258710,0
chr5,1260428,1260629,0
chr5,1264354,1264644,0
chr5,1266425,1266572,0
chr5,1268459,1268664,0
chr5,1271093,1271228,0
chr5,1272162,1272302,0
chr5,1278615,1278828,0
chr5,1279247,1279538,0
chr5,1280092,1280388,0
chr5,1282389,1282653,0
chr5,1798557,1798764,0
chr5,1798828,1798955,0
chr5,60597716,60597919,0
chr5,60599027,60599306,0
chr5,60603378,60603586,0
chr5,60605664,60605859,0
chr5,60638710,60638909,0
chr5,60642749,60642891,0
chr5,60644712,60644910,0
chr5,60645467,60645671,0
chr5,60647371,60647580,0
chr5,60686902,60687271,0
chr5,60699986,60700134,0
chr5,78002873,78003084,0
chr5,78015376,78015571,0
chr5,78020675,78020823,0
chr5,78034337,78034477,0
chr5,78039025,78039307,0
chr5,78089386,78089521,0
chr5,78100907,78101058,0
chr5,78110170,78110366,0
chr5,78113729,78113942,0
chr5,78116103,78116234,0
chr5,78127986,78128181,0
chr5,78129058,78129342,0
chr5,78141133,78141334,0
chr5,78156229,78156370,0
chr5,78162776,78162971,0
chr5,78165559,78165709,0
chr5,78175581,78175717,0
chr5,78175729,78175880,0
chr5,78177321,78177452,0
chr5,78181491,78181697,0
chr5,78216009,78216304,0
chr5,78225490,78225631,0
chr5,78227335,78227544,0
chr5,78228114,78228246,0
chr5,78240822,78240965,0
chr5,78267471,78267612,0
chr5,78294415,78294612,0
chr5,80654714,80654997,0
chr5,80656354,80656564,0
chr5,80665122,80665411,0
chr5,80670072,80670354,0
chr5,80672214,80672417,0
chr5,80672706,80672903,0
chr5,80674962,80675166,0
chr5,80678892,80679100,0
chr5,80725414,80725621,0
chr5,80728820,80729018,0
chr5,80741448,80741590,0
chr5,80744486,80744635,0
chr5,80761522,80761724,0
chr5,80767892,80768179,0
chr5,80768831,80769028,0
chr5,80775649,80775799,0
chr5,80778687,80778890,0
chr5,80787552,80787683,0
chr5,80792695,80792891,0
chr5,80813568,80813763,0
chr5,80854072,80854351,0
chr5,80864789,80864988,0
chr5,80873106,80873306,0
chr5,80875703,80875897,0
chr5,112707683,112707890,0
chr5,112738352,112738500,0
chr5,112754849,112755044,0
chr5,112766294,112766428,0
chr5,112767149,112767432,0
chr5,112775626,112775759,0
chr5,112780758,112780952,0
chr5,112792430,112792562,0
chr5,112801252,112801399,0
chr5,112815470,112815607,0
chr5,112818939,112819394,0
chr5,112821857,112821998,0
chr5,112823255,112823394,0
chr5,112827069,112827265,0
chr5,112827897,112828036,0
chr5,112828826,112829030,0
chr5,112834900,112835187,0
chr5,132557299,132557499,0
chr5,132559263,132559396,0
chr5,132575744,132575939,0
chr5,132579277,132579567,0
chr5,132579823,132580067,0
chr5,132587538,132587742,0
chr5,132587908,132588121,0
chr5,132588647,132588935,0
chr5,132589602,132589882,0
chr5,132591174,132591464,0
chr5,132591867,132592070,0
chr5,132594863,132595058,0
chr5,132595552,132595837,0
chr5,132603263,132603545,0
chr5,132603893,132604098,0
chr5,132604763,132605014,0
chr5,132608552,132608757,0
chr5,132609080,132609225,0
chr5,132609249,132609445,0
chr5,132615978,132616180,0
chr5,132618036,132618315,0
chr5,132637093,132637242,0
chr5,132638063,132638263,0
chr5,132640630,132640843,0
chr5,132642119,132642403,0
chr5,177511762,177512217,0
chr5,177512287,177512426,0
chr5,177512482,177512680,0
chr5,177512770,177512911,0
chr5,177512989,177513128,0
chr5,177513313,177513509,0
chr5,177513678,177513872,0
chr5,177514660,177515121,0
chr5,177515149,177515295,0
chr5,177515644,177515842,0
chr5,177515887,177516035,0
chr5,177516074,177516225,0
chr5,177516279,177516481,0
chr5,177516684,177517016,0
chr5,178149715,178149888,0
chr5,178150766,178151047,0
chr5,178153390,178153682,0
chr5,178153745,178153909,0
chr6,31740437,31740652,0
chr6,31741125,31741324,0
chr6,31742855,31742992,0
chr6,31743067,31743216,0
chr6,31743864,31744329,0
chr6,31744499,31744649,0
chr6,31745202,31745351,0
chr6,31747352,31747488,0
chr6,31753252,31753457,0
chr6,31753516,31753666,0
chr6,31758138,31758346,0
chr6,31758497,31758640,0
chr6,31758758,31758891,0
chr6,31759062,31759212,0
chr6,31759408,31759553,0
chr6,31759766,31760222,0
chr6,31760676,31760876,0
chr6,31761137,31761289,0
chr6,31761427,31761633,0
chr6,31761786,31761997,0
chr6,31762092,31762230,0
chr6,31762387,31762582,0
chr6,34417510,34417630,0
chr6,34418391,34418513,0
chr6,34421607,34421892,0
chr6,34424541,34424714,0
chr6,34424753,34424880,0
chr6,34425008,34425307,0
chr6,35452530,35452828,0
chr6,35455695,35456409,0
chr6,35457521,35457661,0
chr6,35457869,35458019,0
chr6,35458255,35458466,0
chr6,35459289,35459501,0
chr6,35459634,35459777,0
chr6,35460508,35460657,0
chr6,35462733,35462937,0
chr6,35466211,35466357,0
chr6,36885946,36886097,0
chr6,36899399,36899679,0
chr6,36902176,36902461,0
chr6,36914260,36914693,0
chr6,36916421,36916625,0
chr6,36919545,36919755,0
chr6,36923334,36923475,0
chr6,43582271,43582474,0
chr6,43582984,43583181,0
chr6,43587234,43587362,0
chr6,43587404,43587533,0
chr6,43597692,43597896,0
chr6,43600953,43601103,0
chr6,43603843,43604037,0
chr6,43604579,43604791,0
chr6,43605230,43605371,0
chr6,43610520,43610734,0
chr6,43613638,43614601,0
chr6,49431694,49431888,0
chr6,49435438,49435650,0
chr6,49440169,49440365,0
chr6,49441796,49441993,0
chr6,49444595,49444796,0
chr6,49447616,49447816,0
chr6,49448763,49448957,0
chr6,49451438,49451718,0
chr6,49453582,49453783,0
chr6,49456049,49456244,0
chr6,49457648,49458099,0
chr6,49459058,49459508,0
chr6,151807851,151808394,0
chr6,151842560,151842844,0
chr6,151880613,151880810,0
chr6,151944167,151944541,0
chr6,152011618,152011830,0
chr6,152060959,152061156,0
chr6,152094325,152094615,0
chr6,152098711,152099003,0
chr6,152125249,152125382,0
chr7,5592909,5593598,0
chr7,5593674,5593801,0
chr7,5603192,5603659,0
chr7,5603830,5604039,0
chr7,5605173,5605514,0
chr7,5973373,5973609,0
chr7,5977573,5977851,1
chr7,5978535,5978758,1
chr7,5982766,5982966,0
chr7,5986729,5987070,0
chr7,5987142,5987268,0
chr7,5987329,5987504,0
chr7,5987527,5987701,0
chr7,5989768,5989963,0
chr7,5991975,5992103,0
chr7,5995519,5995665,0
chr7,5997292,5997432,0
chr7,5999073,5999281,0
chr7,6002460,6002710,0
chr7,6003643,6004073,0
chr7,6005868,6006043,0
chr7,6008903,6009069,0
chr7,50319018,50319165,0
chr7,50327609,50327811,0
chr7,50367968,50368421,0
chr7,50369456,50369589,0
chr7,50376522,50376820,0
chr7,50382505,50382713,0
chr7,50387304,50387500,0
chr7,50391692,50391887,0
chr7,50399870,50400673,0
chr7,55019260,55019395,0
chr7,55142250,55142462,0
chr7,55143247,55143541,0
chr7,55146555,55146765,0
chr7,55151249,55151383,0
chr7,55152492,55152704,0
chr7,55153968,55154167,0
chr7,55155800,55155997,0
chr7,55156508,55156705,0
chr7,55156722,55156855,0
chr7,55157641,55157791,0
chr7,55160098,55160386,0
chr7,55161469,55161676,0
chr7,55163716,55163860,0
chr7,55165266,55165472,0
chr7,55168450,55168599,0
chr7,55170275,55170554,0
chr7,55171125,55171270,0
chr7,55172935,55173140,0
chr7,55173870,55174074,0
chr7,55174703,55174835,0
chr7,55181250,55181540,0
chr7,55191698,55191912,0
chr7,55192746,55192881,0
chr7,55198679,55198889,0
chr7,55200301,55200449,0
chr7,55201160,55201366,0
chr7,55201682,55201832,0
chr7,55202501,55202798,0
chr7,55205216,55205669,0
chr7,66988365,66988594,0
chr7,66991152,66991280,0
chr7,66993151,66993404,0
chr7,66994174,66994372,0
chr7,66995265,66995435,0
chr7,116731631,116731913,0
chr7,116739917,116740125,0
chr7,116740838,116741044,0
chr7,116755346,116755551,0
chr7,116757431,116757563,0
chr7,116757596,116757798,0
chr7,116758451,116758647,0
chr7,116759325,116759526,0
chr7,116763016,116763307,0
chr7,116769625,116769912,0
chr7,116771466,116771664,0
chr7,116771806,116772011,0
chr7,116774855,116775143,0
chr7,116777358,116777496,0
chr7,116778736,116779015,0
chr7,116781979,116782126,0
chr7,116783298,116783500,0
chr7,116795602,116796146,0
chr7,124823904,124824104,0
chr7,124825219,124825359,0
chr7,124827195,124827342,0
chr7,124829216,124829352,0
chr7,124835249,124835448,0
chr7,124840932,124841227,0
chr7,124842782,124842976,0
chr7,124846883,124847030,0
chr7,124851832,124851968,0
chr7,124852944,124853141,0
chr7,124858944,124859140,0
chr7,124863307,124863672,0
chr7,124870878,124871073,0
chr7,124892217,124892414,0
chr7,124897087,124897223,0
chr7,140726418,140726565,0
chr7,140734578,140734762,0
chr7,140739691,140739971,0
chr7,140749179,140749438,0
chr7,140753228,140753428,0
chr7,140754149,140754286,0
chr7,140776888,140777093,0
chr7,140777962,140778100,0
chr7,140781508,140781726,0
chr7,140782981,140783184,0
chr7,140785655,140785853,0
chr7,140787479,140787622,0
chr7,140794284,140794478,0
chr7,140800303,140800513,0
chr7,140801375,140801583,0
chr7,140807948,140808084,0
chr7,140808905,140809031,0
chr7,140834599,140834726,0
chr7,140834778,140834906,0
chr7,140850077,140850216,0
chr7,140924541,140924750,0
chr7,152648599,152649398,0
chr7,152660663,152660803,0
chr7,152675996,152676144,0
chr8,16110043,16110240,0
chr8,16120377,16120620,0
chr8,16140939,16141078,0
chr8,16143498,16143649,0
chr8,16150189,16150325,0
chr8,16155021,16155164,0
chr8,16164027,16164315,0
chr8,16168419,16168877,0
chr8,16175132,16175332,0
chr8,16177873,16178010,0
chr8,16186123,16186258,0
chr8,31058434,31058576,0
chr8,31059098,31059295,0
chr8,31064254,31064452,0
chr8,31064874,31065075,0
chr8,31067008,31067203,0
chr8,31068223,31068372,0
chr8,31076122,31076316,0
chr8,31080864,31081320,0
chr8,31083614,31083784,0
chr8,31085082,31085252,0
chr8,31087759,31087962,0
chr8,31088851,31088982,0
chr8,31090431,31090563,0
chr8,31090829,31090962,0
chr8,31091798,31091945,0
chr8,31096752,31096886,0
chr8,31100825,31100959,0
chr8,31111556,31111838,0
chr8,31116351,31116556,0
chr8,31120182,31120462,0
chr8,31124498,31124632,0
chr8,31124895,31125029,0
chr8,31132341,31132536,0
chr8,31141403,31141613,0
chr8,31141656,31141788,0
chr8,31142607,31142738,0
chr8,31143524,31143664,0
chr8,31147034,31147169,0
chr8,31147321,31147517,0
chr8,31150305,31150502,0
chr8,31154589,31154785,0
chr8,31157352,31157565,0
chr8,31166995,31167279,0
chr8,31172987,31173120,0
chr8,89935514,89935657,0
chr8,89936964,89937115,0
chr8,89943195,89943396,0
chr8,89946104,89946306,0
chr8,89947776,89947927,0
chr8,89953194,89953740,0
chr8,89955226,89955590,0
chr8,89958695,89958895,0
chr8,89964376,89964514,0
chr8,89970320,89970599,0
chr8,89971122,89971319,0
chr8,89978215,89978346,0
chr8,89980708,89980904,0
chr8,89981337,89981535,0
chr8,89982679,89982874,0
chr8,89984471,89984621,0
chr8,94372130,94372426,0
chr8,94378140,94378424,0
chr8,94378544,94378684,0
chr8,94380122,94380409,0
chr8,94386963,94387160,0
chr8,94391563,94391938,0
chr8,94393704,94393918,0
chr8,94399364,94399654,0
chr8,94400207,94400489,0
chr8,94404070,94404264,0
chr8,94407397,94407780,0
chr8,94411081,94411369,0
chr8,94432545,94432686,0
chr8,94458234,94458438,0
chr8,94467381,94467587,0
chr8,99013763,99013960,0
chr8,99038404,99038600,0
chr8,99096261,99096459,0
chr8,99102948,99103143,0
chr8,99111053,99111333,0
chr8,99115669,99115880,0
chr8,99121159,99121527,0
chr8,99134617,99134749,0
chr8,99134978,99135172,0
chr8,99135576,99135779,0
chr8,99136647,99136779,0
chr8,99142924,99143203,0
chr8,99147837,99148031,0
chr8,99156485,99156784,0
chr8,99169993,99170188,0
chr8,99192824,99193106,0
chr8,99209536,99209763,0
chr8,99274177,99274374,0
chr8,99275074,99275268,0
chr8,99384181,99384317,0
chr8,99391518,99391726,0
chr8,99431482,99431692,0
chr8,99442382,99442662,0
chr8,99467377,99467658,0
chr8,99481570,99481849,0
chr8,99501674,99501869,0
chr8,99502785,99502983,0
chr8,99507093,99507225,0
chr8,99507731,99507937,0
chr8,99511071,99511524,0
chr8,99520844,99521041,0
chr8,99556420,99556702,0
chr8,99575612,99575807,0
chr8,99577473,99577667,0
chr8,99641806,99642524,0
chr8,99661311,99661508,0
chr8,99699513,99699969,0
chr8,99717141,99717422,0
chr8,99720313,99720597,0
chr8,99720807,99721096,0
chr8,99766741,99767026,0
chr8,99776715,99776996,0
chr8,99778638,99779090,0
chr8,99784302,99784511,0
chr8,99809345,99809554,0
chr8,99817541,99817830,0
chr8,99818422,99818563,0
chr8,99818710,99818906,0
chr8,99819404,99819598,0
chr8,99819869,99820154,0
chr8,99821256,99821536,0
chr8,99823787,99824001,0
chr8,99832392,99832683,0
chr8,99835151,99835346,0
chr8,99835481,99835772,0
chr8,99848741,99848938,0
chr8,99853409,99854294,0
chr8,99859296,99859508,0
chr8,99861744,99861950,0
chr8,99868278,99868488,0
chr8,99870754,99870904,0
chr8,99871440,99871729,0
chr8,99875387,99875671,0
chr8,117799649,117799942,0
chr8,117804698,117804907,0
chr8,117807199,117807413,0
chr8,117812855,117813000,0
chr8,117818421,117818567,0
chr8,117819617,117819826,0
chr8,117822425,117822631,0
chr8,117830191,117830385,0
chr8,117835420,117835564,0
chr8,117837098,117837238,0
chr8,144511384,144511588,0
chr8,144511670,144511819,0
chr8,144513384,144513763,0
chr8,144513860,144514411,0
chr8,144514417,144514566,0
chr8,144514903,144515115,0
chr8,144515139,144515279,0
chr8,144515299,144515507,0
chr8,144517026,144517232,0
chr8,144517401,144517545,0
chr8,144517552,144517788,0
chr9,2028981,2029274,0
chr9,2032913,2033112,0
chr9,2039424,2039750,0
chr9,2039835,2039963,0
chr9,2047188,2047317,0
chr9,2047373,2047495,0
chr9,2054564,2054762,0
chr9,2056658,2056858,0
chr9,2058273,2058472,0
chr9,2060810,2061017,0
chr9,2070372,2070506,0
chr9,2073164,2073378,0
chr9,2073527,2073659,0
chr9,2076222,2076358,0
chr9,2077603,2077810,0
chr9,2081804,2082009,0
chr9,2083309,2083451,0
chr9,2084031,2084234,0
chr9,2086810,2087100,0
chr9,2088468,2088662,0
chr9,2096644,2096778,0
chr9,2097370,2097502,0
chr9,2101511,2101661,0
chr9,2103989,2104189,0
chr9,2110221,2110429,0
chr9,2115775,2116064,0
chr9,2119416,2119566,0
chr9,2123671,2123958,0
chr9,2157809,2157960,0
chr9,2158890,2159037,0
chr9,2159805,2159945,0
chr9,2161654,2161946,0
chr9,2170380,2170525,0
chr9,2181539,2181679,0
chr9,2182125,2182270,0
chr9,2186049,2186262,0
chr9,2191247,2191445,0
chr9,2192665,2192804,0
chr9,21512088,21512222,0
chr9,21968163,21968295,0
chr9,21968668,21968817,0
chr9,21970860,21971061,0
chr9,21971124,21971327,0
chr9,21974428,21974806,0
chr9,21994076,21994369,0
chr9,35074086,35074227,0
chr9,35074318,35074527,0
chr9,35074897,35075110,0
chr9,35075224,35075362,0
chr9,35075416,35075798,0
chr9,35075913,35076049,0
chr9,35078086,35078382,0
chr9,35078577,35078786,0
chr9,35079119,35079269,0
chr9,35079397,35079538,0
chr9,35657724,35658019,0
chr9,95101688,95101893,0
chr9,95107021,95107311,0
chr9,95111150,95111692,0
chr9,95114606,95114754,0
chr9,95117295,95117437,0
chr9,95125056,95125192,0
chr9,95126482,95126618,0
chr9,95135331,95135527,0
chr9,95149893,95150106,0
chr9,95171048,95171187,0
chr9,95171979,95172180,0
chr9,95240618,95240753,0
chr9,95247397,95247528,0
chr9,95249098,95249298,0
chr9,95446854,95447490,0
chr9,95449035,95449332,0
chr9,95449832,95449965,0
chr9,95453431,95453640,0
chr9,95456226,95456430,0
chr9,95457972,95458354,0
chr9,95459536,95459829,0
chr9,95461830,95462039,0
chr9,95467071,95467450,0
chr9,95468715,95469175,0
chr9,95469783,95469987,0
chr9,95475986,95476196,0
chr9,95476741,95476887,0
chr9,95477526,95477736,0
chr9,95478007,95478211,0
chr9,95478967,95479178,0
chr9,95479923,95480121,0
chr9,95480330,95480617,0
chr9,95481915,95482048,0
chr9,95482084,95482225,0
chr9,95485642,95485923,0
chr9,95506348,95506631,0
chr9,95508121,95508373,0
chr9,95516409,95516620,0
chr9,95516656,95516859,0
chr9,97675417,97675624,0
chr9,97684870,97685082,0
chr9,97687086,97687284,0
chr9,97689530,97689670,0
chr9,97693616,97693820,0
chr9,97696059,97696191,0
chr9,97697115,97697315,0
chr9,132896165,132896803,0
chr9,132897151,132897618,0
chr9,132900664,132900869,0
chr9,132901531,132901736,0
chr9,132902545,132902835,0
chr9,132903642,132903850,0
chr9,132904346,132904494,0
chr9,132905535,132906163,0
chr9,132906716,132906867,0
chr9,132907253,132907390,0
chr9,132910518,132910721,0
chr9,132910958,132911164,0
chr9,132911402,132911612,0
chr9,132912266,132912463,0
chr9,132921333,132921468,0
chr9,132921786,132921984,0
chr9,132923322,132923535,0
chr9,132925567,132925778,0
chr9,132927167,132927313,0
chr9,132928738,132928885,0
chr10,14899146,14899413,0
chr10,14908377,14909338,0
chr10,14919705,14919841,0
chr10,14922947,14923079,0
chr10,14926785,14926924,0
chr10,14927972,14928170,0
chr10,14932791,14933032,0
chr10,14934347,14934515,0
chr10,14934658,14934806,0
chr10,14935410,14935612,0
chr10,14936481,14936629,0
chr10,14939796,14939960,0
chr10,14945079,14945226,0
chr10,14948995,14949143,0
chr10,14953892,14954028,0
chr10,27005563,27005757,0
chr10,27006863,27007011,0
chr10,27012852,27013144,0
chr10,27014326,27014521,0
chr10,27014542,27014736,0
chr10,27017448,27017818,0
chr10,27022519,27022731,0
chr10,27024410,27024604,0
chr10,27028812,27028953,0
chr10,27029238,27029385,0
chr10,27033122,27033387,0
chr10,27034793,27035078,0
chr10,27035082,27035620,0
chr10,27035678,27035798,0
chr10,27037166,27037360,0
chr10,27037832,27038121,0
chr10,27039921,27040202,0
chr10,27043398,27043568,0
chr10,27044111,27044258,0
chr10,27046359,27046528,0
chr10,27048799,27049006,0
chr10,27053289,27053438,0
chr10,27060301,27060435,0
chr10,27060465,27060610,0
chr10,27061108,27061255,0
chr10,27063952,27064097,0
chr10,27066461,27066592,0
chr10,27067112,27067308,0
chr10,27077288,27077567,0
chr10,27077577,27077719,0
chr10,27079043,27079179,0
chr10,27082731,27082875,0
chr10,27086494,27086631,0
chr10,27092427,27092548,0
chr10,27093316,27093595,0
chr10,27093639,27093874,0
chr10,27100075,27100363,0
chr10,43077222,43077368,0
chr10,43100432,43100726,0
chr10,43102292,43102660,0
chr10,43104932,43105230,0
chr10,43106323,43106605,0
chr10,43108990,43109279,0
chr10,43111200,43111489,0
chr10,43112046,43112250,0
chr10,43112813,43113021,0
chr10,43113526,43113725,0
chr10,43114470,43114764,0
chr10,43116549,43116745,0
chr10,43118343,43118484,0
chr10,43119504,43119791,0
chr10,43120053,43120255,0
chr10,43121923,43122058,0
chr10,43123623,43123826,0
chr10,43124875,43125016,0
chr10,43126510,43126802,0
chr10,43128101,43128303,0
chr10,49458799,49459261,0
chr10,49460332,49460473,0
chr10,49461298,49461597,0
chr10,49470154,49471121,1
chr10,49472338,49472478,0
chr10,49472874,49473083,0
chr10,49473437,49473638,0
chr10,49473978,49474270,0
chr10,49476201,49476332,0
chr10,49478302,49478499,0
chr10,49482663,49482863,0
chr10,49483316,49483523,0
chr10,49493083,49493285,0
chr10,49500499,49500703,0
chr10,49505841,49506039,0
chr10,49515310,49515770,0
chr10,49515845,49515965,0
chr10,49516006,49516386,0
chr10,49516430,49516784,1
chr10,49516864,49516983,0
chr10,49517003,49517124,0
chr10,49524005,49524813,0
chr10,49528402,49528542,0
chr10,49530677,49530875,0
chr10,49532532,49532987,0
chr10,78033832,78033975,0
chr10,78035184,78035371,0
chr10,78035384,78035806,0
chr10,78037067,78037243,0
chr10,78037266,78037386,0
chr10,78037909,78038044,0
chr10,78040137,78040287,0
chr10,78040553,78040685,0
chr10,78054504,78055055,0
chr10,86875990,86876121,0
chr10,86889997,86890230,0
chr10,86892133,86892254,0
chr10,86899779,86899926,0
chr10,86900030,86900152,0
chr10,86912192,86912431,0
chr10,86917052,86917175,0
chr10,86917264,86917392,0
chr10,86919096,86919365,0
chr10,86919402,86919526,0
chr10,86921441,86921725,0
chr10,86923308,86923711,0
chr10,87863962,87864240,0
chr10,87864277,87864402,0
chr10,87864454,87864575,0
chr10,87894000,87894135,0
chr10,87925463,87925599,0
chr10,87931001,87931152,0
chr10,87932982,87933262,0
chr10,87952030,87952289,0
chr10,87957787,87958044,0
chr10,87960887,87961202,0
chr10,87965220,87965546,0
chr10,102504098,102504387,0
chr10,102509133,102509343,0
chr10,102549930,102550142,0
chr10,102592541,102592741,0
chr10,102593601,102593737,0
chr10,102593956,102594094,0
chr10,102597117,102597327,0
chr10,102599386,102599591,0
chr10,102615244,102615451,0
chr10,102617255,102617465,0
chr10,102619009,102619153,0
chr10,102627151,102627289,0
chr10,102630024,102630165,0
chr11,532595,532795,0
chr11,533248,533386,0
chr11,533423,533970,0
chr11,534150,534357,0
chr11,2883993,2884177,0
chr11,2884621,2884831,0
chr11,2885046,2885227,0
chr11,32389029,32389228,0
chr11,32391940,32392075,0
chr11,32392635,32392776,0
chr11,32396242,32396448,0
chr11,32399938,32400078,0
chr11,32416443,32416592,0
chr11,32417537,32417670,0
chr11,32427946,32428085,0
chr11,32428440,32428649,0
chr11,32430466,32430599,0
chr11,32434667,32435376,0
chr11,47215082,47215294,0
chr11,47216297,47216508,0
chr11,47216800,47217087,0
chr11,47232768,47232972,0
chr11,47234540,47234685,0
chr11,47234750,47234959,0
chr11,47235234,47235445,0
chr11,47237819,47238028,0
chr11,47238092,47238239,0
chr11,47238741,47238879,0
chr11,64804312,64804860,0
chr11,64805024,64805232,0
chr11,64805592,64806046,0
chr11,64806183,64806396,0
chr11,64806997,64807129,0
chr11,64807142,64807282,0
chr11,64807504,64807711,0
chr11,64807854,64808153,0
chr11,64809594,64810138,0
chr11,65712243,65712444,0
chr11,65712713,65712863,0
chr11,65712900,65713103,0
chr11,65713318,65713525,0
chr11,65713544,65713693,0
chr11,65713731,65713877,0
chr11,65714484,65714772,0
chr11,65714779,65714930,0
chr11,65716620,65716824,0
chr11,65716849,65716998,0
chr11,65718575,65718773,0
chr11,65718842,65718990,0
chr11,65719012,65719222,0
chr11,67483149,67483283,0
chr11,67486936,67487234,0
chr11,67489200,67489490,0
chr11,67490004,67490461,0
chr11,67490744,67491037,0
chr11,68041222,68041434,0
chr11,68041722,68041862,0
chr11,68042592,68042891,0
chr11,68042930,68043071,0
chr11,68043329,68043529,0
chr11,68043553,68043694,0
chr11,68043794,68043941,0
chr11,68044083,68044373,0
chr11,68044922,68045134,0
chr11,68047377,68047833,0
chr11,68047862,68047997,0
chr11,68048869,68049327,0
chr11,68049614,68049822,0
chr11,68049949,68050286,0
chr11,68050465,68050675,0
chr11,68050708,68050859,0
chr11,69641268,69641557,0
chr11,69643002,69643282,0
chr11,69643801,69644003,0
chr11,69647976,69648174,0
chr11,69651108,69651307,0
chr11,72293330,72293621,0
chr11,72294011,72294146,0
chr11,72294288,72294485,0
chr11,72294591,72294727,0
chr11,72295482,72295686,0
chr11,72301776,72301974,0
chr11,72302256,72302403,0
chr11,72307142,72307289,0
chr11,72308485,72308628,0
chr11,72317046,72317257,0
chr11,72329697,72329830,0
chr11,72358839,72359040,0
chr11,72372888,72373038,0
chr11,72380246,72380390,0
chr11,72402949,72403086,0
chr11,72408069,72408220,0
chr11,72430271,72430419,0
chr11,72434043,72434505,0
chr11,94420095,94420227,0
chr11,94429884,94430027,0
chr11,94435797,94435935,0
chr11,94437120,94437268,0
chr11,94445794,94445935,0
chr11,94447163,94447292,0
chr11,94447337,94447466,0
chr11,94456246,94456381,0
chr11,94459396,94459604,0
chr11,94460899,94461040,0
chr11,94464061,94464271,0
chr11,94467768,94467907,0
chr11,94470467,94470666,0
chr11,94471510,94471631,0
chr11,94471671,94471797,0
chr11,94476228,94476435,0
chr11,94478696,94478891,0
chr11,94479637,94479772,0
chr11,94485859,94486090,0
chr11,94490788,94490986,0
chr11,94492714,94492840,0
chr11,108227590,108227918,0
chr11,108229143,108229341,0
chr11,108235662,108235859,0
chr11,108243947,108244147,0
chr11,108244748,108245040,0
chr11,108246953,108247151,0
chr11,108248928,108249126,0
chr11,108250671,108251120,0
chr11,108251781,108252063,0
chr11,108252802,108252940,0
chr11,108253795,108254075,0
chr11,108256179,108256373,0
chr11,108257455,108257582,0
chr11,108258956,108259100,0
chr11,108267153,108267349,0
chr11,108268360,108268643,0
chr11,108271027,108271163,0
chr11,108271240,108271434,0
chr11,108272490,108272638,0
chr11,108272699,108272900,0
chr11,108279454,108279650,0
chr11,108280988,108281182,0
chr11,108282683,108282880,0
chr11,108284219,108284506,0
chr11,108287569,108287767,0
chr11,108288913,108289164,0
chr11,108289551,108289846,0
chr11,108292608,108292805,0
chr11,108293307,108293505,0
chr11,108294876,108295082,0
chr11,108297278,108297410,0
chr11,108299686,108299890,0
chr11,108301603,108301810,0
chr11,108302838,108303033,0
chr11,108304674,108304869,0
chr11,108307865,108308010,0
chr11,108310126,108310328,0
chr11,108312380,108312515,0
chr11,108315803,108315937,0
chr11,108315982,108316116,0
chr11,108317359,108317561,0
chr11,108319939,108320070,0
chr11,108321267,108321473,0
chr11,108325275,108325555,0
chr11,108326049,108326257,0
chr11,108327596,108327796,0
chr11,108328999,108329288,0
chr11,108330172,108330455,0
chr11,108331411,108331608,0
chr11,108331865,108332061,0
chr11,108332720,108332917,0
chr11,108333840,108333988,0
chr11,108334925,108335134,0
chr11,108335795,108335989,0
chr11,108343179,108343383,0
chr11,108345732,108345926,0
chr11,108347235,108347384,0
chr11,108353725,108353921,0
chr11,108354756,108354899,0
chr11,108365068,108365526,0
chr11,119024894,119025361,0
chr11,119025641,119025781,0
chr11,119025924,119026129,0
chr11,119026564,119026716,0
chr11,119026914,119027115,0
chr11,119027598,119027879,0
chr11,119028156,119028449,0
chr11,119029202,119029407,0
chr11,125625755,125626045,0
chr11,125626732,125626875,0
chr11,125627567,125627847,0
chr11,125629199,125629484,0
chr11,125633125,125633406,0
chr11,125635415,125635551,0
chr11,125637417,125637565,0
chr11,125643771,125643914,0
chr11,125644068,125644280,0
chr11,125644484,125644680,0
chr11,125653719,125653853,0
chr11,125655212,125655357,0
chr12,4538889,4539026,0
chr12,4541850,4541986,0
chr12,4543743,4543945,0
chr12,4545724,4545871,0
chr12,4546321,4546443,0
chr12,4548068,4548219,0
chr12,4548670,4548871,0
chr12,4552947,4553160,0
chr12,4556339,4556536,0
chr12,4558817,4559030,0
chr12,11650069,11650205,0
chr12,11752411,11752615,0
chr12,11839128,11839338,0
chr12,11853388,11853599,0
chr12,11869381,11870020,0
chr12,11884398,11884612,0
chr12,11885911,11886049,0
chr12,11890922,11891055,0
chr12,12717794,12718348,0
chr12,12718790,12718987,0
chr12,21470138,21470367,0
chr12,21470944,21471115,0
chr12,21471392,21471674,0
chr12,21473518,21473651,0
chr12,21474822,21475016,0
chr12,21475425,21475879,0
chr12,21476874,21477007,0
chr12,21477796,21478002,0
chr12,21483315,21483603,0
chr12,21486460,21486591,0
chr12,21490134,21490418,0
chr12,21491487,21491776,0
chr12,21499485,21499617,0
chr12,25209765,25209959,0
chr12,25215402,25215608,0
chr12,25225575,25225781,0
chr12,25227226,25227439,0
chr12,25245221,25245415,0
chr12,56042082,56042223,0
chr12,56042296,56042474,0
chr12,56042515,56042636,0
chr12,56043209,56043414,0
chr12,56043457,56043578,0
chr12,56043983,56044154,0
chr12,57748514,57748651,0
chr12,57749141,57749355,0
chr12,57749401,57749534,0
chr12,57750624,57750770,0
chr12,57750883,57751767,0
chr12,68808423,68808569,0
chr12,68809192,68809324,0
chr12,68813531,68813675,0
chr12,68816784,68816985,0
chr12,68820288,68820427,0
chr12,68824322,68824459,0
chr12,68824541,68824686,0
chr12,68828755,68828962,0
chr12,68835815,68836016,0
chr12,68836634,68836765,0
chr12,68839236,68839866,0
chr12,109557009,109557142,0
chr12,109559043,109559180,0
chr12,109561006,109561150,0
chr12,109561407,109561544,0
chr12,109561736,109561885,0
chr12,109565064,109565204,0
chr12,109568751,109568888,0
chr12,109571623,109571756,0
chr12,109573295,109573504,0
chr12,111644143,111644608,0
chr12,111649912,111650051,0
chr12,111655531,111655666,0
chr12,111658711,111658851,0
chr12,111659170,111659372,0
chr12,111660581,111660721,0
chr12,111665619,111665826,0
chr12,111672629,111672823,0
chr12,111679100,111679379,0
chr12,111681604,111681888,0
chr12,111683113,111683324,0
chr12,111685675,111685808,0
chr12,120978744,120979121,0
chr12,120988776,120989063,0
chr12,120993470,120993751,0
chr12,120994140,120994437,0
chr12,120996234,120996771,0
chr12,120997419,120997718,0
chr12,120999222,120999688,0
chr12,121001039,121001242,0
chr12,132624660,132624862,0
chr12,132624873,132625004,0
chr12,132625599,132625796,0
chr12,132626067,132626350,0
chr12,132632297,132632832,0
chr12,132634126,132634425,0
chr12,132635849,132636045,0
chr12,132637970,132638182,0
chr12,132639121,132639324,0
chr12,132641608,132641899,0
chr12,132642146,132643024,0
chr12,132643216,132643352,0
chr12,132643368,132643571,0
chr12,132643818,132644023,0
chr12,132648890,132649095,0
chr12,132649290,132649926,0
chr12,132657079,132657285,0
chr12,132657329,132657473,0
chr12,132657840,132657988,0
chr12,132659263,132659559,0
chr12,132660933,132661224,0
chr12,132661505,132661705,0
chr12,132663970,132664173,0
chr12,132664354,132664485,0
chr12,132665286,132665492,0
chr12,132667457,132667670,0
chr12,132668311,132668519,0
chr12,132668615,132668762,0
chr12,132668782,132668976,0
chr12,132672191,132672330,0
chr12,132672593,132672889,0
chr12,132673120,132673318,0
chr12,132673551,132673749,0
chr12,132675349,132675563,0
chr12,132675694,132675835,0
chr12,132676055,132676253,0
chr12,132676527,132676670,0
chr12,132677322,132677461,0
chr12,132677555,132677756,0
chr12,132679471,132679668,0
chr12,132679943,132680080,0
chr12,132680122,132680254,0
chr12,132680571,132680706,0
chr12,132681113,132681322,0
chr12,132687224,132687367,0
chr13,32316415,32316548,0
chr13,32319070,32319354,0
chr13,32325044,32325184,0
chr13,32326052,32326189,0
chr13,32326205,32326341,0
chr13,32326452,32326647,0
chr13,32329411,32329552,0
chr13,32330869,32331070,0
chr13,32344547,32344680,0
chr13,32346787,32346936,0
chr13,32354849,32355313,0
chr13,32356388,32356667,0
chr13,32357702,32357985,0
chr13,32362518,32362716,0
chr13,32363131,32363590,0
chr13,32370373,32370573,0
chr13,32370920,32371122,0
chr13,32376641,32376836,0
chr13,32379255,32379544,0
chr13,32379711,32380161,0
chr13,32394678,32394968,0
chr13,32396882,32397079,0
chr13,32398123,32398828,0
chr13,48303886,48304085,0
chr13,48307248,48307445,0
chr13,48342567,48342767,0
chr13,48345041,48345235,0
chr13,48347764,48347898,0
chr13,48348905,48349049,0
chr13,48359984,48360188,0
chr13,48362768,48362972,0
chr13,48364861,48364992,0
chr13,48367492,48367628,0
chr13,48368489,48368621,0
chr13,48373363,48373512,0
chr13,48376886,48377092,0
chr13,48379535,48379655,0
chr13,48379984,48380104,0
chr13,48380140,48380276,0
chr13,48381191,48381480,0
chr13,48452952,48453148,0
chr13,48456186,48456384,0
chr13,48459663,48459862,0
chr13,48463721,48463853,0
chr13,48464967,48465416,0
chr13,48473293,48473430,0
chr13,48476676,48476882,0
chr13,48477314,48477464,0
chr13,48479977,48480113,0
chr13,100089086,100089232,0
chr13,100102835,100102982,0
chr13,100111787,100111924,0
chr13,100111949,100112094,0
chr13,100154924,100155135,0
chr13,100157254,100157398,0
chr13,100209283,100209483,0
chr13,100235796,100235933,0
chr13,100257548,100257694,0
chr13,100262695,100262841,0
chr13,100268673,100268819,0
chr13,100273160,100273358,0
chr13,100301441,100301643,0
chr13,100302894,100303032,0
chr13,100307149,100307298,0
chr13,100309814,100309954,0
chr13,100330513,100330708,0
chr13,100340132,100340267,0
chr13,100368456,100368587,0
chr13,100425605,100425751,0
chr13,100449192,100449333,0
chr13,100491582,100491722,0
chr13,100515402,100515598,0
chr13,100527645,100527780,0
chr13,100530074,100530206,0
chr13,102846245,102846394,0
chr13,102852098,102852302,0
chr13,102853702,102853900,0
chr13,102854244,102854386,0
chr13,102856001,102856146,0
chr13,102858245,102858446,0
chr13,102861465,102861744,0
chr13,102865653,102865939,0
chr13,102866233,102866437,0
chr13,102866587,102866867,0
chr13,102868097,102868292,0
chr13,102872139,102872436,0
chr13,102873238,102873374,0
chr13,102875294,102875914,0
chr13,108214495,108214640,0
chr14,24239764,24239970,0
chr14,24240051,24240193,0
chr14,24240226,24240374,0
chr14,24240379,24240922,0
chr14,24241002,24241153,0
chr14,24241197,24241338,0
chr14,24241650,24241800,0
chr14,24241879,24242026,0
chr14,24242099,24242395,0
chr14,45136027,45136569,0
chr14,45137046,45137242,0
chr14,45140590,45140740,0
chr14,45148828,45149027,0
chr14,45151345,45151558,0
chr14,45153888,45154090,0
chr14,45154671,45154872,0
chr14,45155359,45155500,0
chr14,45159050,45159335,0
chr14,45164323,45164606,0
chr14,45166930,45167209,0
chr14,45170578,45170783,0
chr14,45173043,45173244,0
chr14,45175028,45175309,0
chr14,45181420,45181551,0
chr14,45181601,45181748,0
chr14,45183740,45183936,0
chr14,45185185,45185381,0
chr14,45187775,45187913,0
chr14,45188776,45189402,0
chr14,45196122,45196573,0
chr14,45198593,45198961,0
chr14,45199823,45200028,0
chr14,64227503,64227650,0
chr14,64227832,64228099,0
chr14,64233081,64233375,0
chr14,64234909,64235192,0
chr14,64249514,64249720,0
chr14,64257177,64257385,0
chr14,64260402,64260777,0
chr14,64268748,64268946,0
chr14,64279959,64280156,0
chr14,64282579,64283028,0
chr14,67823505,67823642,0
chr14,67825432,67825626,0
chr14,67835050,67835252,0
chr14,67864983,67865177,0
chr14,67885815,67886029,0
chr14,67886979,67887185,0
chr14,68291873,68292016,0
chr14,68411410,68411560,0
chr14,68468130,68468268,0
chr14,68470470,68470603,0
chr14,68477615,68477741,0
chr14,68497054,68497199,0
chr14,68540175,68540304,0
chr14,68594378,68594590,0
chr14,68602654,68602777,0
chr14,68610975,68611270,0
chr14,68682896,68683017,0
chr14,75017026,75017236,0
chr14,75018813,75019020,0
chr14,75022776,75023070,0
chr14,75030514,75030709,0
chr14,75032033,75032229,0
chr14,75033376,75033522,0
chr14,75038299,75038437,0
chr14,75039896,75040029,0
chr14,75041593,75041733,0
chr14,75042356,75042491,0
chr14,80955675,80955881,0
chr14,81062102,81062250,0
chr14,81068231,81068369,0
chr14,81087914,81088065,0
chr14,81091046,81091186,0
chr14,81092503,81092634,0
chr14,81096616,81096753,0
chr14,81108347,81108483,0
chr14,81108512,81108725,0
chr14,81139620,81139902,0
chr14,94363681,94363737,0
chr14,94364260,94364634,0
chr14,94366200,94366738,0
chr14,95090440,95090674,0
chr14,95090997,95091131,0
chr14,95091182,95091394,0
chr14,95093849,95094219,0
chr14,95095775,95096739,0
chr14,95099769,95099964,0
chr14,95103304,95104189,0
chr14,95105065,95105273,0
chr14,95105653,95105787,0
chr14,95105976,95106260,0
chr14,95107576,95108120,0
chr14,95108277,95108557,0
chr14,95111269,95111472,0
chr14,95112130,95112269,0
chr14,95113070,95113265,0
chr14,95115627,95115831,0
chr14,95116423,95116702,0
chr14,95117578,95117779,0
chr14,95124149,95124700,0
chr14,95126573,95126770,0
chr14,95129454,95129666,0
chr14,95130017,95130213,0
chr14,95131471,95131665,0
chr14,95132508,95132707,0
chr14,95133286,95133496,0
chr14,96285710,96285998,0
chr14,96289614,96289817,0
chr14,96290404,96290609,0
chr14,96290775,96290970,0
chr14,96291564,96291711,0
chr14,96291999,96292134,0
chr14,96294931,96295212,0
chr14,96295441,96295575,0
chr14,96301995,96302131,0
chr14,96303027,96303310,0
chr14,96304472,96304608,0
chr14,96305551,96305833,0
chr14,96306669,96306948,0
chr14,96309412,96309609,0
chr14,96311095,96311307,0
chr14,96311506,96311653,0
chr14,96312061,96312205,0
chr14,96313025,96313165,0
chr14,96313304,96313436,0
chr14,96315130,96315275,0
chr14,96315338,96315617,0
chr14,96316490,96316694,0
chr14,96317113,96317317,0
chr14,96317688,96317884,0
chr14,96322095,96322292,0
chr14,96322484,96322769,0
chr14,96323870,96324001,0
chr14,96325583,96325956,0
chr14,96328293,96328574,0
chr14,96328641,96328774,0
chr14,96329466,96329660,0
chr14,96331346,96331637,0
chr14,96332291,96332422,0
chr14,96332476,96332676,0
chr14,96333639,96333919,0
chr14,96334372,96334508,0
chr14,96341455,96341740,0
chr14,96343093,96343291,0
chr14,96344634,96344781,0
chr14,96345201,96345395,0
chr14,96347142,96347348,0
chr14,96362802,96363003,0
chr14,96382239,96382520,0
chr14,96385493,96385689,0
chr14,103698752,103699051,0
chr14,103699098,103699234,0
chr14,103699318,103699608,0
chr14,103703133,103703342,0
chr14,103706965,103707260,0
chr14,103708493,103708692,0
chr14,103710991,103711138,0
chr15,30904610,30905922,0
chr15,30908100,30908295,0
chr15,30910585,30910866,0
chr15,30913830,30914120,0
chr15,30918126,30918337,0
chr15,30920531,30920668,0
chr15,30922196,30922391,0
chr15,30925121,30925325,0
chr15,30925746,30925811,0
chr15,30928527,30928665,0
chr15,30929147,30929442,0
chr15,30930504,30930719,0
chr15,30937105,30937254,0
chr15,34341863,34342131,0
chr15,34342970,34343112,0
chr15,40161181,40161319,0
chr15,40165028,40165235,0
chr15,40170009,40170147,0
chr15,40170511,40170708,0
chr15,40176423,40176703,0
chr15,40183706,40183906,0
chr15,40185139,40185428,0
chr15,40185521,40185669,0
chr15,40196529,40196817,0
chr15,40199563,40199757,0
chr15,40200202,40200400,0
chr15,40200883,40201016,0
chr15,40202354,40202489,0
chr15,40202585,40202720,0
chr15,40206148,40206514,0
chr15,40208598,40208804,0
chr15,40209602,40209806,0
chr15,40210093,40210224,0
chr15,40212485,40212689,0
chr15,40213314,40213509,0
chr15,40217481,40217688,0
chr15,40218429,40218563,0
chr15,40220526,40220817,0
chr15,40405791,40406004,0
chr15,40406245,40406383,0
chr15,40407610,40407806,0
chr15,40407809,40407821,0
chr15,40407900,40408033,0
chr15,40410613,40410821,0
chr15,40411245,40411385,0
chr15,40411514,40411710,0
chr15,40412952,40413094,0
chr15,40414849,40414994,0
chr15,40415381,40415520,0
chr15,40416044,40416184,0
chr15,40416252,40416387,0
chr15,40418078,40418290,0
chr15,40424104,40424255,0
chr15,40435372,40435748,0
chr15,40698745,40698879,0
chr15,40701022,40701232,0
chr15,40706147,40706346,0
chr15,40709002,40709146,0
chr15,40718765,40718915,0
chr15,40728655,40728853,0
chr15,40729472,40729685,0
chr15,40729820,40730025,0
chr15,40731018,40731214,0
chr15,58879967,58880107,0
chr15,58883601,58883809,0
chr15,58886957,58887577,0
chr15,58888364,58888561,0
chr15,58889382,58889578,0
chr15,58890217,58890506,0
chr15,58892866,58893064,0
chr15,58893237,58893376,0
chr15,58893786,58894000,0
chr15,58894085,58894217,0
chr15,58894394,58894597,0
chr15,58897066,58897263,0
chr15,58898756,58898887,0
chr15,58899425,58899966,0
chr15,58901188,58901336,0
chr15,58912504,58912641,0
chr15,58913466,58913753,0
chr15,58916892,58917028,0
chr15,58932328,58932462,0
chr15,58933368,58933578,0
chr15,82130336,82130615,0
chr15,82138609,82138908,0
chr15,82157675,82157874,0
chr15,82163829,82164027,0
chr15,82214641,82214927,0
chr15,82219512,82219631,0
chr15,82219636,82219755,0
chr15,82219773,82219896,0
chr15,82220034,82220265,0
chr15,82224990,82225316,0
chr15,82227366,82227613,0
chr15,82228117,82228355,0
chr15,82228993,82229182,0
chr15,82230815,82231010,0
chr15,82238278,82238564,0
chr15,82240397,82240624,0
chr15,82241273,82241443,0
chr15,82252610,82252775,0
chr15,82259038,82259209,0
chr15,82261667,82261846,0
chr15,82536807,82536934,0
chr15,82538275,82538449,0
chr15,82538793,82538913,0
chr15,82538914,82539034,0
chr15,82540134,82540167,0
chr15,82540369,82540550,0
chr15,89247617,89247756,0
chr15,89258658,89258809,0
chr15,89260671,89260879,0
chr15,89261569,89261765,0
chr15,89261777,89261924,0
chr15,89263379,89263514,0
chr15,89263876,89264071,0
chr15,89264490,89264637,0
chr15,89268360,89268558,0
chr15,89273346,89273477,0
chr15,89274146,89274342,0
chr15,89276666,89276952,0
chr15,89278645,89278790,0
chr15,89281145,89281343,0
chr15,89281724,89281864,0
chr15,89283097,89283299,0
chr15,89285046,89285246,0
chr15,89290170,89290320,0
chr15,89291601,89291739,0
chr15,89292646,89293108,0
chr15,89293827,89294024,0
chr15,89294859,89295153,0
chr15,89299795,89299997,0
chr15,89300278,89300424,0
chr15,89301286,89301480,0
chr15,89303825,89303973,0
chr15,89305083,89305279,0
chr15,89305307,89305454,0
chr15,89305586,89305724,0
chr15,89305958,89306252,0
chr15,89307446,89307727,0
chr15,89312873,89313010,0
chr15,89314588,89314720,0
chr15,89315264,89315395,0
chr15,89316371,89316509,0
chr15,90747355,90747506,0
chr15,90749313,90750107,0
chr15,90751778,90751979,0
chr15,90754769,90754965,0
chr15,90760125,90760329,0
chr15,90760576,90761280,0
chr15,90762918,90763205,0
chr15,90765244,90765446,0
chr15,90766858,90767052,0
chr15,90769109,90769241,0
chr15,90769419,90769627,0
chr15,90782818,90782957,0
chr15,90784891,90785090,0
chr15,90790605,90790891,0
chr15,90794109,90794390,0
chr15,90798173,90798371,0
chr15,90803470,90803766,0
chr15,90804105,90804393,0
chr15,90809107,90809313,0
chr15,90811145,90811437,0
chr15,90815102,90815305,0
chr16,2039872,2040075,0
chr16,2040099,2040240,0
chr16,2043552,2043762,0
chr16,2044626,2044831,0
chr16,2046097,2046389,0
chr16,2047649,2047861,0
chr16,2048193,2048340,0
chr16,2048581,2048776,0
chr16,2050377,2050525,0
chr16,2053294,2053508,0
chr16,2054272,2054483,0
chr16,2055347,2055556,0
chr16,2056150,2056292,0
chr16,2056600,2056812,0
chr16,2057058,2057202,0
chr16,2058712,2058921,0
chr16,2060633,2060845,0
chr16,2061822,2062025,0
chr16,2062480,2062617,0
chr16,2062952,2063087,0
chr16,2064241,2064441,0
chr16,2065468,2065663,0
chr16,2070410,2070613,0
chr16,2071485,2071620,0
chr16,2071765,2071971,0
chr16,2072201,2072413,0
chr16,2072815,2073016,0
chr16,2074139,2074438,0
chr16,2075765,2075901,0
chr16,2076033,2076179,0
chr16,2076460,2076592,0
chr16,2077550,2077749,0
chr16,2079002,2079720,0
chr16,2080120,2080419,0
chr16,2081541,2081840,0
chr16,2082394,2082539,0
chr16,2083664,2083865,0
chr16,2084200,2084743,0
chr16,2084929,2085066,0
chr16,2085197,2085331,0
chr16,2086155,2086437,0
chr16,2086712,2086909,0
chr16,2087826,2087966,0
chr16,2088026,2088163,0
chr16,2088189,2088339,0
chr16,2088439,2088634,0
chr16,3582300,3582760,0
chr16,3583081,3583539,0
chr16,3584762,3584901,0
chr16,3592664,3592878,0
chr16,3594438,3594641,0
chr16,3595568,3595718,0
chr16,3596128,3596425,0
chr16,3597338,3598052,0
chr16,3600925,3601219,0
chr16,3602069,3602358,0
chr16,3606450,3606744,0
chr16,3608376,3609009,0
chr16,13920123,13920418,0
chr16,13921985,13922193,0
chr16,13926507,13926787,0
chr16,13927981,13928261,0
chr16,13930661,13930955,0
chr16,13932110,13932315,0
chr16,13934129,13934334,0
chr16,13935135,13935768,0
chr16,13937725,13937868,0
chr16,13944691,13944895,0
chr16,13947588,13948394,0
chr16,15949739,15949864,0
chr16,16007799,16008007,0
chr16,16009726,16009769,0
chr16,16014446,16014656,0
chr16,16016447,16016533,0
chr16,16033055,16033202,0
chr16,16036420,16036634,0
chr16,16044428,16044708,0
chr16,16045815,16046019,0
chr16,16048105,16048316,0
chr16,16052683,16052833,0
chr16,16056043,16056335,0
chr16,16068157,16068334,0
chr16,16071629,16071762,0
chr16,16076303,16076440,0
chr16,16079325,16079413,0
chr16,16083346,16083552,0
chr16,16086855,16086995,0
chr16,16090351,16090612,0
chr16,16102606,16102755,0
chr16,16106717,16106906,0
chr16,16111327,16111616,0
chr16,16114733,16115118,0
chr16,16121935,16122234,0
chr16,16124741,16124951,0
chr16,16125801,16125943,0
chr16,16131749,16131963,0
chr16,16134319,16134518,0
chr16,16136458,16136659,0
chr16,16138301,16138600,0
chr16,16141165,16141312,0
chr16,23603409,23603698,0
chr16,23607825,23608038,0
chr16,23613961,23614102,0
chr16,23621306,23621515,0
chr16,23622940,23623136,0
chr16,23623975,23624113,0
chr16,23626198,23626403,0
chr16,23629160,23629294,0
chr16,23629606,23630480,0
chr16,23637841,23637976,0
chr16,23638041,23638183,0
chr16,23641049,23641189,0
chr16,58001466,58001615,0
chr16,58002449,58002663,0
chr16,58009862,58010156,0
chr16,58010882,58011060,0
chr16,58011070,58011190,0
chr16,58012268,58012413,0
chr16,58014243,58014374,0
chr16,58017330,58017471,0
chr16,58018952,58019097,0
chr16,58020107,58020251,0
chr16,67657572,67657718,0
chr16,67657733,67657880,0
chr16,67657950,67658416,0
chr16,67658516,67658666,0
chr16,67658705,67658852,0
chr16,67658895,67659106,0
chr16,67659175,67659466,0
chr16,67659502,67659649,0
chr16,67659685,67659831,0
chr16,67659879,67660077,0
chr16,67660086,67660233,0
chr16,68737383,68737514,0
chr16,68738251,68738461,0
chr16,68801641,68801934,0
chr16,68808391,68808858,0
chr16,68810160,68810368,0
chr16,68811659,68811871,0
chr16,68812081,68812295,0
chr16,68813265,68813554,0
chr16,68815487,68815777,0
chr16,68819243,68819450,0
chr16,68821977,68822270,0
chr16,68823382,68823664,0
chr16,68828122,68828333,0
chr16,68829607,68829813,0
chr16,68833240,68833524,0
chr16,74623906,74624114,0
chr16,74626312,74626597,0
chr16,74628419,74628711,0
chr16,74630772,74630981,0
chr16,74632491,74632700,0
chr16,74636301,74636591,0
chr16,74637814,74638020,0
chr16,74644339,74644473,0
chr16,74644484,74644773,0
chr16,74649100,74649231,0
chr16,74651874,74652158,0
chr16,74660917,74661471,0
chr16,89738585,89738721,0
chr16,89738869,89739008,0
chr16,89739121,89739315,0
chr16,89739458,89739596,0
chr16,89739963,89740103,0
chr16,89740753,89740890,0
chr16,89742772,89742981,0
chr16,89744912,89745126,0
chr16,89746554,89746701,0
chr16,89746801,89746936,0
chr16,89748634,89748774,0
chr16,89749716,89749926,0
chr16,89752094,89752236,0
chr16,89758553,89758754,0
chr16,89761925,89762060,0
chr16,89764878,89765082,0
chr16,89767112,89767246,0
chr16,89769784,89770070,0
chr16,89770147,89770297,0
chr16,89770542,89770682,0
chr16,89771631,89771838,0
chr16,89773209,89773423,0
chr16,89775697,89775847,0
chr16,89778768,89778902,0
chr16,89778913,89779056,0
chr16,89779836,89779987,0
chr16,89782821,89782956,0
chr16,89782996,89783136,0
chr16,89784794,89784995,0
chr16,89791352,89791563,0
chr16,89791879,89792089,0
chr16,89792433,89792582,0
chr16,89795864,89796062,0
chr16,89799016,89799267,0
chr16,89799558,89799698,0
chr16,89803218,89803358,0
chr16,89805224,89805433,0
chr16,89808236,89808365,0
chr16,89810669,89810809,0
chr16,89810887,89811101,0
chr16,89814503,89814638,0
chr16,89815851,89816001,0
chr16,89816518,89816650,0
chr17,7669589,7669734,0
chr17,7670596,7670746,0
chr17,7673186,7673640,0
chr17,7673651,7673860,0
chr17,7674177,7674317,0
chr17,7674818,7675284,0
chr17,7675951,7676327,0
chr17,7676336,7676467,0
chr17,7676491,7676638,0
chr17,7688646,7689107,0
chr17,7689193,7689335,0
chr17,7689549,7689753,0
chr17,7700703,7700846,0
chr17,7701433,7701583,0
chr17,7701623,7701826,0
chr17,7702311,7702596,0
chr17,7702724,7702874,0
chr17,7702960,7703509,0
chr17,8228141,8228940,0
chr17,8229103,8229253,0
chr17,8229257,8229469,0
chr17,8229851,8229999,0
chr17,8230292,8230494,0
chr17,8230526,8230664,0
chr17,8231217,8231511,0
chr17,8231685,8231825,0
chr17,8231885,8232512,0
chr17,8232881,8233079,0
chr17,8234419,8235306,0
chr17,8235800,8236342,0
chr17,8237349,8237530,0
chr17,8238013,8238646,0
chr17,8242973,8243176,0
chr17,8247933,8248074,0
chr17,31095274,31095425,0
chr17,31155945,31156141,0
chr17,31158974,31159122,0
chr17,31163139,31163420,0
chr17,31169882,31170014,0
chr17,31181390,31181532,0
chr17,31181671,31181803,0
chr17,31182478,31182676,0
chr17,31200396,31200640,0
chr17,31200868,31200998,0
chr17,31201090,31201211,0
chr17,31201344,31201568,0
chr17,31206214,31206415,0
chr17,31214471,31214659,0
chr17,31218973,31219169,0
chr17,31221743,31222007,0
chr17,31223282,31223403,0
chr17,31223496,31223619,0
chr17,31225096,31225275,0
chr17,31226380,31226549,0
chr17,31226573,31226698,0
chr17,31227171,31227336,0
chr17,31227422,31227542,0
chr17,31227545,31227665,0
chr17,31229005,31229304,0
chr17,31229352,31229517,0
chr17,31229693,31229881,0
chr17,31229916,31230037,0
chr17,31230198,31230319,0
chr17,31230342,31230511,0
chr17,31230716,31231004,0
chr17,31232088,31232243,0
chr17,31232712,31232906,0
chr17,31232938,31233218,0
chr17,31235605,31235774,0
chr17,31235835,31236050,0
chr17,31248963,31249158,0
chr17,31252895,31253036,0
chr17,31258305,31258496,0
chr17,31259037,31259202,0
chr17,31260354,31260554,0
chr17,31261659,31261907,0
chr17,31265163,31265287,0
chr17,31265303,31265424,0
chr17,31325833,31326273,0
chr17,31327487,31327856,0
chr17,31330240,31330526,0
chr17,31334988,31335091,0
chr17,31336318,31336938,0
chr17,31337334,31337614,0
chr17,31337769,31337906,0
chr17,31337989,31338188,0
chr17,31338687,31338821,0
chr17,31340458,31340671,0
chr17,31342982,31343158,0
chr17,31349091,31349287,0
chr17,31350134,31350337,0
chr17,31352220,31352431,0
chr17,31356425,31356630,0
chr17,31356920,31357124,0
chr17,31357246,31357381,0
chr17,31358460,31358662,0
chr17,31358927,31359044,0
chr17,31360464,31360744,0
chr17,31373967,31374172,0
chr17,35100936,35101069,0
chr17,35101165,35101376,0
chr17,35103202,35103344,0
chr17,35103435,35103582,0
chr17,35106368,35106513,0
chr17,35106952,35107160,0
chr17,35107326,35107461,0
chr17,35116840,35117053,0
chr17,35118442,35118654,0
chr17,35119073,35119213,0
chr17,35119504,35119650,0
chr17,39470850,39471809,0
chr17,39490543,39490755,0
chr17,39492732,39492926,0
chr17,39494505,39494701,0
chr17,39501214,39501493,0
chr17,39509648,39509789,0
chr17,39511515,39511651,0
chr17,39515703,39515838,0
chr17,39517380,39517590,0
chr17,39519933,39520128,0
chr17,39524635,39524929,0
chr17,39525821,39526364,0
chr17,39530564,39531363,0
chr17,40628743,40628866,0
chr17,40628913,40629038,0
chr17,40630654,40630782,0
chr17,40630882,40631011,0
chr17,40631597,40631778,0
chr17,40632040,40632235,0
chr17,40632251,40632372,0
chr17,40635860,40635984,0
chr17,40635998,40636164,0
chr17,40636269,40636459,0
chr17,40636491,40636611,0
chr17,40637353,40637479,0
chr17,40637518,40637641,0
chr17,40642356,40642651,0
chr17,40645426,40645550,0
chr17,40645637,40645848,0
chr17,42998761,42998883,0
chr17,42999807,42999998,0
chr17,43000017,43000140,0
chr17,43002533,43002701,0
chr17,43002714,43002840,0
chr17,43002885,43003005,0
chr17,43045651,43045856,0
chr17,43047606,43047753,0
chr17,43049091,43049224,0
chr17,43051013,43051153,0
chr17,43057018,43057168,0
chr17,43063289,43063433,0
chr17,43063841,43063986,0
chr17,43067567,43067707,0
chr17,43070892,43071272,0
chr17,43074286,43074576,0
chr17,43076442,43076639,0
chr17,43079205,43079326,0
chr17,43079358,43079522,0
chr17,43082390,43082592,0
chr17,43090915,43091062,0
chr17,43095810,43095943,0
chr17,43097186,43097321,0
chr17,43099752,43099890,0
chr17,43104083,43104277,0
chr17,43104840,43104988,0
chr17,43106408,43106549,0
chr17,43115676,43115807,0
chr17,43123979,43124123,0
chr17,44070933,44071219,0
chr17,44074140,44074285,0
chr17,44074640,44074780,0
chr17,44074923,44075123,0
chr17,44075262,44075474,0
chr17,44075636,44076105,0
chr17,48726762,48727046,0
chr17,48727975,48728610,0
chr17,49404886,49405113,0
chr17,49405167,49405287,0
chr17,49406629,49406793,0
chr17,49406820,49406940,0
chr17,49408912,49409040,0
chr17,49409124,49409328,0
chr17,49409356,49409521,0
chr17,49411646,49411842,0
chr17,49413054,49413224,0
chr17,49413255,49413375,0
chr17,58692601,58692803,0
chr17,58694930,58695220,0
chr17,58696673,58696867,0
chr17,58703173,58703377,0
chr17,58709826,58710022,0
chr17,58720702,58720853,0
chr17,58723990,58724138,0
chr17,58732449,58732589,0
chr17,58734104,58734239,0
chr17,60600375,60600911,0
chr17,60623477,60623773,0
chr17,60633815,60634011,0
chr17,60647832,60648115,0
chr17,60656582,60656864,0
chr17,60662951,60663572,0
chr17,61683270,61684156,0
chr17,61685817,61686197,0
chr17,61693384,61693526,0
chr17,61715902,61716098,0
chr17,61742973,61743169,0
chr17,61744403,61744601,0
chr17,61776393,61776596,0
chr17,61780223,61780418,0
chr17,61780824,61781035,0
chr17,61784254,61784463,0
chr17,61793567,61793779,0
chr17,61799054,61799337,0
chr17,61801214,61801507,0
chr17,61808417,61808783,0
chr17,61847072,61847276,0
chr17,61849094,61849305,0
chr17,61857027,61857231,0
chr17,61859743,61859937,0
chr17,61861430,61861570,0
chr17,68515380,68515574,0
chr17,68522735,68522947,0
chr17,68523709,68523841,0
chr17,68523963,68524101,0
chr17,68524873,68525018,0
chr17,68525738,68525937,0
chr17,68527798,68527949,0
chr17,68528820,68529017,0
chr17,68529899,68530033,0
chr17,68530262,68530463,0
chr17,68551025,68551172,0
chr17,76471604,76472057,0
chr17,76472647,76472854,0
chr17,76472988,76473127,0
chr17,76473213,76473360,0
chr17,76473610,76473754,0
chr17,76473802,76473950,0
chr17,76474028,76474172,0
chr17,76474337,76474548,0
chr17,76474699,76474845,0
chr17,76474972,76475183,0
chr17,76476779,76477330,0
chr17,76477611,76477819,0
chr17,76478768,76479316,0
chr17,76479676,76479971,0
chr17,76481331,76481543,0
chr18,13731483,13731946,0
chr18,13734430,13734627,0
chr18,13736963,13737160,0
chr18,13740115,13740309,0
chr18,13741465,13741744,0
chr18,13742463,13742661,0
chr18,13746162,13746374,0
chr18,13752303,13752436,0
chr18,13754074,13754215,0
chr18,13759903,13760035,0
chr18,13761996,13762208,0
chr18,51047020,51047301,0
chr18,51048678,51048883,0
chr18,51049253,51049394,0
chr18,51054756,51055036,0
chr18,51058100,51058472,0
chr18,51059827,51059975,0
chr18,51065356,51065647,0
chr18,51066989,51067197,0
chr18,51076601,51076813,0
chr18,51078204,51078500,0
chr19,852295,852446,0
chr19,852856,853052,0
chr19,853244,853443,0
chr19,855539,856168,0
chr19,1206885,1207259,0
chr19,1218390,1218525,0
chr19,1219291,1219424,0
chr19,1220371,1220746,0
chr19,1221165,1221362,0
chr19,1221891,1222033,0
chr19,1222925,1223222,0
chr19,1226415,1226708,0
chr19,1438340,1438491,0
chr19,1438502,1438648,0
chr19,1438728,1438976,0
chr19,1439927,1440056,0
chr19,1440147,1440574,0
chr19,3522937,3523087,0
chr19,3525835,3526039,0
chr19,3526068,3526212,0
chr19,3526234,3526430,0
chr19,3526960,3527097,0
chr19,3527562,3527857,0
chr19,3530749,3530898,0
chr19,3531679,3531820,0
chr19,3531862,3532159,0
chr19,3532395,3532690,0
chr19,3533287,3533426,0
chr19,3534386,3534532,0
chr19,3534759,3534900,0
chr19,10984102,10984392,0
chr19,10985240,10985444,0
chr19,10986168,10986630,0
chr19,10986870,10987011,0
chr19,10987655,10987953,0
chr19,10989288,10989496,0
chr19,10991127,10991322,0
chr19,10994816,10995011,0
chr19,10996191,10996387,0
chr19,10996455,10996603,0
chr19,11002993,11003201,0
chr19,11003312,11003446,0
chr19,11007857,11008067,0
chr19,11010363,11010565,0
chr19,11012933,11013144,0
chr19,11018927,11019059,0
chr19,11019551,11019747,0
chr19,11021693,11021975,0
chr19,11023471,11023684,0
chr19,11024302,11024443,0
chr19,11025379,11025519,0
chr19,11026251,11026401,0
chr19,11027773,11027968,0
chr19,11030694,11030899,0
chr19,11033247,11033532,0
chr19,11033733,11033871,0
chr19,11034090,11034221,0
chr19,11034879,11035169,0
chr19,11039422,11039560,0
chr19,11041284,11041572,0
chr19,11058247,11058380,0
chr19,11058753,11058898,0
chr19,11059704,11060250,0
chr19,11061742,11061884,0
chr19,11089501,11089651,0
chr19,11100167,11100374,0
chr19,11102613,11102823,0
chr19,11105186,11105648,0
chr19,11106517,11106726,0
chr19,11107345,11107539,0
chr19,11110604,11110817,0
chr19,11111459,11111667,0
chr19,11113237,11113776,0
chr19,11116037,11116243,0
chr19,11116827,11117032,0
chr19,11120091,11120548,0
chr19,11123143,11123355,0
chr19,11127964,11128102,0
chr19,11129502,11129704,0
chr19,11131219,11131363,0
chr19,12938666,12938809,0
chr19,12939115,12939264,0
chr19,12939387,12939674,0
chr19,12940013,12940155,0
chr19,12940209,12940928,0
chr19,12943508,12943642,0
chr19,12943673,12943799,0
chr19,12943848,12943969,0
chr19,33301310,33301679,0
chr19,33301730,33302281,0
chr19,33302329,33302535,0
chr19,41860631,41860795,0
chr19,41860808,41860925,0
chr19,41860927,41860929,0
chr19,41860979,41861258,0
chr19,41868970,41869098,0
chr19,41869177,41869298,0
chr19,41869654,41869805,0
chr19,41871216,41871457,0
chr19,45351594,45351744,0
chr19,45352151,45352850,0
chr19,45353033,45353183,0
chr19,45353228,45353367,0
chr19,45354685,45354881,0
chr19,45355627,45355775,0
chr19,45357256,45357402,0
chr19,45357431,45357564,0
chr19,45357599,45357745,0
chr19,45358802,45358940,0
chr19,45361485,45361694,0
chr19,45363712,45364174,0
chr19,45364214,45364350,0
chr19,45364377,45364585,0
chr19,45364815,45365188,0
chr19,45368585,45368794,0
chr19,45368903,45369187,0
chr19,45370116,45370264,0
chr19,45370478,45370622,0
chr19,45409631,45409776,0
chr19,45413571,45413785,0
chr19,45413926,45414071,0
chr19,45414849,45414983,0
chr19,45416800,45416933,0
chr19,45419065,45419202,0
chr19,45420302,45420447,0
chr19,45421132,45421428,0
chr19,45423253,45423392,0
chr19,50398807,50399106,0
chr19,50399322,50399528,0
chr19,50401752,50402388,0
chr19,50402432,50402564,0
chr19,50402581,50402790,0
chr19,50403034,50403247,0
chr19,50403461,50403601,0
chr19,50406166,50406536,0
chr19,50406948,50407231,0
chr19,50407294,50407444,0
chr19,50408672,50408956,0
chr19,50409068,50409279,0
chr19,50409504,50409707,0
chr19,50413395,50413536,0
chr19,50413697,50413911,0
chr19,50414811,50415018,0
chr19,50415402,50415601,0
chr19,50415707,50415839,0
chr19,50416356,50416733,0
chr19,50416984,50417130,0
chr19,50417163,50417296,0
chr19,50417832,50417964,0
chr20,5115264,5115608,0
chr20,5117436,5117565,0
chr20,5117603,5117724,0
chr20,5118562,5118704,0
chr20,5118743,5118879,0
chr20,5119554,5119845,0
chr20,44966522,44966668,0
chr20,44972061,44972195,0
chr20,44978414,44978611,0
chr20,44981789,44981988,0
chr20,44987109,44987316,0
chr20,44995080,44995274,0
chr20,44997149,44997348,0
chr20,45000368,45000572,0
chr20,45001109,45001399,0
chr20,45024960,45025167,0
chr20,45053061,45053211,0
chr20,45074979,45075183,0
chr20,56370067,56370518,0
chr20,56370575,56370696,0
chr20,56373367,56373578,0
chr20,56381408,56381616,0
chr20,56382910,56383039,0
chr20,56383090,56383219,0
chr20,56384230,56384381,0
chr20,56386203,56386576,0
chr20,56388096,56388246,0
chr20,63659405,63659525,0
chr20,63661261,63661542,0
chr20,63661834,63661968,0
chr20,63662432,63662636,0
chr20,63662773,63662913,0
chr20,63665974,63666119,0
chr20,63667428,63667571,0
chr20,63672511,63672656,0
chr20,63673915,63674124,0
chr20,63678079,63678227,0
chr20,63678229,63678364,0
chr20,63679850,63679970,0
chr20,63680634,63680776,0
chr20,63685481,63685624,0
chr20,63685760,63685892,0
chr20,63687614,63688225,0
chr20,63688257,63688404,0
chr20,63688484,63688621,0
chr20,63689017,63689158,0
chr20,63689447,63689898,0
chr20,63690027,63690478,0
chr20,63690774,63690979,0
chr20,63691706,63691854,0
chr20,63692773,63693322,0
chr20,63694332,63694546,0
chr20,63694710,63695679,0
chr20,63695741,63695887,0
chr21,34792104,34792648,0
chr21,34799278,34799491,0
chr21,34821600,34821751,0
chr21,34834350,34834648,0
chr21,34859461,34859610,0
chr21,34880537,34880751,0
chr21,34886782,34887150,0
chr21,34892881,34893025,0
chr21,35048797,35048931,0
chr22,23787140,23787288,0
chr22,23791727,23791938,0
chr22,23793527,23793739,0
chr22,23800894,23801194,0
chr22,23803241,23803445,0
chr22,23816753,23816964,0
chr22,23825178,23825466,0
chr22,23833519,23833733,0
chr22,23834104,23834246,0
chr22,28687861,28688064,0
chr22,28689096,28689322,0
chr22,28703473,28703615,0
chr22,28709963,28710103,0
chr22,28711895,28712029,0
chr22,28719383,28719515,0
chr22,28724833,28725409,0
chr22,28730358,28730525,0
chr22,28734359,28734741,0
chr22,29603938,29604145,0
chr22,29636724,29636926,0
chr22,29639056,29639253,0
chr22,29642157,29642306,0
chr22,29654634,29654767,0
chr22,29655561,29655705,0
chr22,29658168,29658305,0
chr22,29661173,29661380,0
chr22,29664946,29665081,0
chr22,29668297,29668498,0
chr22,29671774,29671985,0
chr22,29673217,29673512,0
chr22,29674802,29674945,0
chr22,29678171,29678374,0
chr22,29681427,29681629,0
chr22,29682976,29683122,0
chr22,29694690,29694841,0
chrX,1465453,1466579,1
chrX,14843552,14844002,0
chrX,14844449,14845330,0
chrX,14850471,14850675,0
chrX,14853015,14853218,0
chrX,14857829,14857962,0
chrX,14859165,14859362,0
chrX,40052060,40052437,0
chrX,40053856,40054051,0
chrX,40054215,40054351,0
chrX,40055352,40055552,0
chrX,40057126,40057325,0
chrX,40062124,40062410,0
chrX,40062710,40063090,0
chrX,40063577,40063952,0
chrX,40064321,40064609,0
chrX,40070914,40071199,0
chrX,40071599,40071738,0
chrX,40076406,40076550,0
chrX,40077825,40077971,0
chrX,48683812,48684022,0
chrX,48684236,48684447,0
chrX,48685529,48685666,0
chrX,48685722,48685867,0
chrX,48685895,48686046,0
chrX,48686050,48686191,0
chrX,48686780,48686977,0
chrX,48687992,48688135,0
chrX,48688288,48688492,0
chrX,48688627,48688832,0
chrX,48688883,48689095,0
chrX,48689260,48689465,0
chrX,48691055,48691202,0
chrX,48791059,48791358,0
chrX,48791798,48792512,0
chrX,48793143,48793349,0
chrX,48793742,48794196,0
chrX,77508308,77508681,0
chrX,77520759,77520954,0
chrX,77521366,77521505,0
chrX,77522207,77522411,0
chrX,77523233,77523441,0
chrX,77557397,77557676,0
chrX,77558648,77558848,0
chrX,77574232,77574363,0
chrX,77589808,77589942,0
chrX,77593684,77593878,0
chrX,77599379,77599581,0
chrX,77599689,77599830,0
chrX,77600391,77600585,0
chrX,77616559,77616758,0
chrX,77618785,77618979,0
chrX,77620347,77620549,0
chrX,77633181,77633468,0
chrX,77633525,77633720,0
chrX,77634562,77634705,0
chrX,77635891,77636088,0
chrX,77652086,77652212,0
chrX,77652297,77652417,0
chrX,77654067,77654206,0
chrX,77656537,77656673,0
chrX,77663370,77663568,0
chrX,77664599,77664797,0
chrX,77676179,77676319,0
chrX,77684888,77685029,0
chrX,77688815,77688947,0
chrX,77693792,77693986,0
chrX,77696540,77696751,0
chrX,77697534,77697682,0
chrX,77698521,77698671,0
chrX,77717094,77717289,0
chrX,77785917,77786061,0
chrX,101349837,101349975,0
chrX,101353163,101353358,0
chrX,101353826,101354023,0
chrX,101354582,101354719,0
chrX,101356006,101356303,0
chrX,101356771,101356985,0
chrX,101357474,101357608,0
chrX,101358261,101358472,0
chrX,101358576,101358715,0
chrX,101359235,101359374,0
chrX,101360052,101360193,0
chrX,101360506,101360801,0
chrX,101362135,101362286,0
chrX,101362530,101362732,0
chrX,101369967,101370103,0
chrX,101371596,101371745,0
chrX,101374500,101374648,0
chrX,101375129,101375325,0
chrX,101390442,101390573,0
chrX,133536120,133536323,0
chrX,133596402,133596605,0
chrX,133661700,133661897,0
chrX,133692321,133692531,0
chrX,133699865,133700069,0
chrX,133704154,133704293,0
chrX,133753439,133754147,0
chrX,133754220,133754341,0
chrX,133953014,133953223,0
chrX,133985265,133985478,0
chrX,136648208,136648417,0
chrX,136650243,136650438,0
chrX,136654320,136654463,0
chrX,136656320,136656461,0
chrX,136659005,136659464,0
chrX,154411808,154412264,0
chrX,154413144,154413284,0
chrX,154413453,154413603,0
chrX,154414064,154414210,0
chrX,154419503,154419639,0
chrX,154419651,154419792,0
chrX,154419979,154420122,0
chrX,154420151,154420301,0
chrX,154420626,154420773,0
chrX,154420884,154421032,0
chrX,154762895,154763031,0
chrX,154764872,154765015,0
chrX,154765430,154765566,0
chrX,154765896,154766031,0
chrX,154766174,154766462,0
chrX,154766959,154767103,0
chrX,154767219,154767426,0
chrX,154768256,154768462,0
chrX,154769125,154769329,0
chrX,154770708,154770907,0
chrX,154773082,154773277,0
chrX,154774585,154774726,0
chrX,154775175,154775318,0
chrX,154776150,154776356,0
chrX,154776770,154776915,0
chrX,155071479,155071682,0
chrX,155072260,155072409,0
chrX,155073332,155073474,0
chrX,155077125,155077327,0
chrX,155078592,155078725,0
chrX,155089217,155089346,0
chrX,155090755,155090890,0
chrX,155099265,155099406,0
chrX,155115959,155116217,0
chrX,155116658,155116800,0
chrX,155119913,155120188,0
